id,first_name,last_name,team,position,age,exp,pos,avg_type,points,pos_rank,drop_off,sd_pts,floor,ceiling,tier
4925,Drew,Brees,NOS,QB,42,19,QB,average,17.72,15,0.4427999999999983,NA,17.72,17.72,15
4925,Drew,Brees,NOS,QB,42,19,QB,robust,17.72,15,0.4427999999999983,0,17.72,17.72,15
4925,Drew,Brees,NOS,QB,42,19,QB,weighted,17.72,15,0.4427999999999983,NA,17.72,17.72,15
5848,Tom,Brady,TBB,QB,44,20,QB,average,20.3836,6,0.309700000000003,NA,20.3836,20.3836,6
5848,Tom,Brady,TBB,QB,44,20,QB,robust,20.3836,6,0.309700000000003,0,20.3836,20.3836,6
5848,Tom,Brady,TBB,QB,44,20,QB,weighted,20.3836,6,0.3096999999999994,NA,20.3836,20.3836,6
6997,Jason,Witten,LVR,TE,39,17,TE,average,4.468,32,0.02999999999999936,NA,4.468,4.468,32
6997,Jason,Witten,LVR,TE,39,17,TE,robust,4.468,32,0.02999999999999936,0,4.468,4.468,32
6997,Jason,Witten,LVR,TE,39,17,TE,weighted,4.468,32,0.03000000000000025,NA,4.468,4.468,32
7394,Philip,Rivers,IND,QB,40,16,QB,average,17.985599999999998,13,0.20230000000000103,NA,17.985599999999998,17.985599999999998,13
7394,Philip,Rivers,IND,QB,40,16,QB,robust,17.985599999999998,13,0.20230000000000103,0,17.985599999999998,17.985599999999998,13
7394,Philip,Rivers,IND,QB,40,16,QB,weighted,17.985599999999998,13,0.20230000000000103,NA,17.985599999999998,17.985599999999998,13
7813,Alex,Smith,WAS,QB,37,15,QB,average,15.7144,23,0.8674999999999979,NA,15.7144,15.7144,23
7813,Alex,Smith,WAS,QB,37,15,QB,robust,15.7144,23,0.8674999999999979,0,15.7144,15.7144,23
7813,Alex,Smith,WAS,QB,37,15,QB,weighted,15.7144,23,0.8674999999999997,NA,15.7144,15.7144,23
7836,Aaron,Rodgers,GBP,QB,38,15,QB,average,20.386599999999998,5,0.021100000000000563,NA,20.386599999999998,20.386599999999998,5
7836,Aaron,Rodgers,GBP,QB,38,15,QB,robust,20.386599999999998,5,0.021100000000000563,0,20.386599999999998,20.386599999999998,5
7836,Aaron,Rodgers,GBP,QB,38,15,QB,weighted,20.386599999999998,5,0.02109999999999701,NA,20.386599999999998,20.386599999999998,5
8269,Marcedes,Lewis,GBP,TE,37,14,TE,average,0.08600000000000001,64,0.0010000000000000009,NA,0.08600000000000001,0.08600000000000001,NA
8269,Marcedes,Lewis,GBP,TE,37,14,TE,robust,0.08600000000000001,64,0.0010000000000000009,0,0.08600000000000001,0.08600000000000001,NA
8269,Marcedes,Lewis,GBP,TE,37,14,TE,weighted,0.08600000000000001,64,0.0010000000000000009,NA,0.08600000000000001,0.08600000000000001,NA
8658,Adrian,Peterson,DET,RB,36,13,RB,average,4.505000000000001,56,0.47850000000000037,NA,4.505000000000001,4.505000000000001,56
8658,Adrian,Peterson,DET,RB,36,13,RB,robust,4.505000000000001,56,0.47850000000000037,0,4.505000000000001,4.505000000000001,56
8658,Adrian,Peterson,DET,RB,36,13,RB,weighted,4.505000000000001,56,0.47850000000000037,NA,4.505000000000001,4.505000000000001,56
9073,Chad,Henne,KCC,QB,36,12,QB,average,14.3578,27,4.795,NA,14.3578,14.3578,27
9073,Chad,Henne,KCC,QB,36,12,QB,robust,14.3578,27,4.795,0,14.3578,14.3578,27
9073,Chad,Henne,KCC,QB,36,12,QB,weighted,14.3578,27,4.795,Inf,14.3578,14.3578,27
9075,DeSean,Jackson,PHI,WR,35,12,WR,average,0.23,103,0.10200000000000001,NA,0.23,0.23,103
9075,DeSean,Jackson,PHI,WR,35,12,WR,robust,0.23,103,0.10200000000000001,0,0.23,0.23,103
9075,DeSean,Jackson,PHI,WR,35,12,WR,weighted,0.23,103,0.10200000000000001,NA,0.23,0.23,103
9099,Matt,Ryan,ATL,QB,36,12,QB,average,16.5726,22,1.2248000000000019,NA,16.5726,16.5726,22
9099,Matt,Ryan,ATL,QB,36,12,QB,robust,16.5726,22,1.2248000000000019,0,16.5726,16.5726,22
9099,Matt,Ryan,ATL,QB,36,12,QB,weighted,16.5726,22,1.2248000000000019,NA,16.5726,16.5726,22
9200,Matt,Slater,NEP,WR,36,12,WR,average,0.085,115,NA,NA,0.085,0.085,NA
9200,Matt,Slater,NEP,WR,36,12,WR,robust,0.085,115,NA,0,0.085,0.085,NA
9200,Matt,Slater,NEP,WR,36,12,WR,weighted,0.085,115,NA,NA,0.085,0.085,NA
9308,Danny,Amendola,DET,WR,36,12,WR,average,9.946000000000002,49,0.3680000000000021,NA,9.946000000000002,9.946000000000002,49
9308,Danny,Amendola,DET,WR,36,12,WR,robust,9.946000000000002,49,0.3680000000000021,0,9.946000000000002,9.946000000000002,49
9308,Danny,Amendola,DET,WR,36,12,WR,weighted,9.946000000000002,49,0.3680000000000021,NA,9.946000000000002,9.946000000000002,49
9431,Matthew,Stafford,DET,QB,33,11,QB,average,18.974800000000002,11,0.5021000000000022,NA,18.974800000000002,18.974800000000002,11
9431,Matthew,Stafford,DET,QB,33,11,QB,robust,18.974800000000002,11,0.5021000000000022,0,18.974800000000002,18.974800000000002,11
9431,Matthew,Stafford,DET,QB,33,11,QB,weighted,18.974800000000002,11,0.5021000000000022,NA,18.974800000000002,18.974800000000002,11
9474,Jared,Cook,NOS,TE,34,11,TE,average,9.831,11,0.45699999999999896,NA,9.831,9.831,11
9474,Jared,Cook,NOS,TE,34,11,TE,robust,9.831,11,0.45699999999999896,0,9.831,9.831,11
9474,Jared,Cook,NOS,TE,34,11,TE,weighted,9.831,11,0.45699999999999896,NA,9.831,9.831,11
9823,Dez,Bryant,BAL,WR,33,10,WR,average,6.423,72,0.5339999999999998,NA,6.423,6.423,72
9823,Dez,Bryant,BAL,WR,33,10,WR,robust,6.423,72,0.5339999999999998,0,6.423,6.423,72
9823,Dez,Bryant,BAL,WR,33,10,WR,weighted,6.423,72,0.5339999999999998,NA,6.423,6.423,72
9902,Rob,Gronkowski,TBB,TE,32,10,TE,average,9.161000000000001,13,0.4195000000000011,NA,9.161000000000001,9.161000000000001,13
9902,Rob,Gronkowski,TBB,TE,32,10,TE,robust,9.161000000000001,13,0.4195000000000011,0,9.161000000000001,9.161000000000001,13
9902,Rob,Gronkowski,TBB,TE,32,10,TE,weighted,9.161000000000001,13,0.4195000000000011,NA,9.161000000000001,9.161000000000001,13
9918,Emmanuel,Sanders,NOS,WR,34,10,WR,average,14.609,13,0.37299999999999933,NA,14.609,14.609,13
9918,Emmanuel,Sanders,NOS,WR,34,10,WR,robust,14.609,13,0.37299999999999933,0,14.609,14.609,13
9918,Emmanuel,Sanders,NOS,WR,34,10,WR,weighted,14.609,13,0.37299999999999933,NA,14.609,14.609,13
9921,Andre,Roberts,BUF,WR,33,10,WR,average,3.534,88,0.7294999999999998,NA,3.534,3.534,88
9921,Andre,Roberts,BUF,WR,33,10,WR,robust,3.534,88,0.7294999999999998,0,3.534,3.534,88
9921,Andre,Roberts,BUF,WR,33,10,WR,weighted,3.534,88,0.7294999999999998,NA,3.534,3.534,88
9925,Jimmy,Graham,CHI,TE,35,10,TE,average,6.75,24,0.20149999999999935,NA,6.75,6.75,24
9925,Jimmy,Graham,CHI,TE,35,10,TE,robust,6.75,24,0.20149999999999935,0,6.75,6.75,24
9925,Jimmy,Graham,CHI,TE,35,10,TE,weighted,6.75,24,0.20149999999999935,Inf,6.75,6.75,24
9988,Antonio,Brown,TBB,WR,33,10,WR,average,12.274000000000001,30,0.1789999999999985,NA,12.274000000000001,12.274000000000001,30
9988,Antonio,Brown,TBB,WR,33,10,WR,robust,12.274000000000001,30,0.1789999999999985,0,12.274000000000001,12.274000000000001,30
9988,Antonio,Brown,TBB,WR,33,10,WR,weighted,12.274000000000001,30,0.1789999999999985,NA,12.274000000000001,12.274000000000001,30
10261,A.J.,Green,CIN,WR,33,9,WR,average,8.118,63,0.5730000000000004,NA,8.118,8.118,63
10261,A.J.,Green,CIN,WR,33,9,WR,robust,8.118,63,0.5730000000000004,0,8.118,8.118,63
10261,A.J.,Green,CIN,WR,33,9,WR,weighted,8.118,63,0.5730000000000004,NA,8.118,8.118,63
10273,Cam,Newton,NEP,QB,32,9,QB,average,19.317800000000002,10,0.35050000000000026,NA,19.317800000000002,19.317800000000002,10
10273,Cam,Newton,NEP,QB,32,9,QB,robust,19.317800000000002,10,0.35050000000000026,0,19.317800000000002,19.317800000000002,10
10273,Cam,Newton,NEP,QB,32,9,QB,weighted,19.317800000000002,10,0.35050000000000026,NA,19.317800000000002,19.317800000000002,10
10276,Mark,Ingram,BAL,RB,32,9,RB,average,0.14900000000000002,83,0.02100000000000002,NA,0.14900000000000002,0.14900000000000002,83
10276,Mark,Ingram,BAL,RB,32,9,RB,robust,0.14900000000000002,83,0.02100000000000002,0,0.14900000000000002,0.14900000000000002,83
10276,Mark,Ingram,BAL,RB,32,9,RB,weighted,0.14900000000000002,83,0.02100000000000002,NA,0.14900000000000002,0.14900000000000002,83
10313,Andy,Dalton,DAL,QB,34,9,QB,average,17.0416,19,0.1681999999999988,NA,17.0416,17.0416,19
10313,Andy,Dalton,DAL,QB,34,9,QB,robust,17.0416,19,0.1681999999999988,0,17.0416,17.0416,19
10313,Andy,Dalton,DAL,QB,34,9,QB,weighted,17.0416,19,0.1681999999999988,NA,17.0416,17.0416,19
10354,Luke,Stocker,ATL,TE,33,9,TE,average,2.497,45,0.2709999999999999,NA,2.497,2.497,45
10354,Luke,Stocker,ATL,TE,33,9,TE,robust,2.497,45,0.2709999999999999,0,2.497,2.497,45
10354,Luke,Stocker,ATL,TE,33,9,TE,weighted,2.497,45,0.2709999999999999,NA,2.497,2.497,45
10378,Anthony,Sherman,KCC,RB,33,9,RB,average,1.108,74,0.15250000000000008,NA,1.108,1.108,74
10378,Anthony,Sherman,KCC,RB,33,9,RB,robust,1.108,74,0.15250000000000008,0,1.108,1.108,74
10378,Anthony,Sherman,KCC,RB,33,9,RB,weighted,1.108,74,0.15250000000000008,NA,1.108,1.108,74
10389,Dion,Lewis,NYG,RB,31,9,RB,average,2.604,65,0.14100000000000001,NA,2.604,2.604,65
10389,Dion,Lewis,NYG,RB,31,9,RB,robust,2.604,65,0.14100000000000001,0,2.604,2.604,65
10389,Dion,Lewis,NYG,RB,31,9,RB,weighted,2.604,65,0.14100000000000001,NA,2.604,2.604,65
10398,Lee,Smith,BUF,TE,34,9,TE,average,1.47,51,0.1975,NA,1.47,1.47,51
10398,Lee,Smith,BUF,TE,34,9,TE,robust,1.47,51,0.1975,0,1.47,1.47,51
10398,Lee,Smith,BUF,TE,34,9,TE,weighted,1.47,51,0.1975,NA,1.47,1.47,51
10432,Virgil,Green,LAC,TE,33,9,TE,average,0.098,60,0.0010000000000000009,NA,0.098,0.098,NA
10432,Virgil,Green,LAC,TE,33,9,TE,robust,0.098,60,0.0010000000000000009,0,0.098,0.098,NA
10432,Virgil,Green,LAC,TE,33,9,TE,weighted,0.098,60,0.0010000000000000009,NA,0.098,0.098,NA
10514,Nick,Bellore,SEA,RB,32,9,RB,average,0.10800000000000001,90,0,NA,0.10800000000000001,0.10800000000000001,NA
10514,Nick,Bellore,SEA,RB,32,9,RB,robust,0.10800000000000001,90,0,0,0.10800000000000001,0.10800000000000001,NA
10514,Nick,Bellore,SEA,RB,32,9,RB,weighted,0.108,89,0,Inf,0.10800000000000001,0.10800000000000001,NA
10697,Ryan,Tannehill,TEN,QB,33,8,QB,average,20.8212,3,0.3363000000000014,NA,20.8212,20.8212,3
10697,Ryan,Tannehill,TEN,QB,33,8,QB,robust,20.8212,3,0.3363000000000014,0,20.8212,20.8212,3
10697,Ryan,Tannehill,TEN,QB,33,8,QB,weighted,20.8212,3,0.3363000000000014,NA,20.8212,20.8212,3
10700,Kirk,Cousins,MIN,QB,33,8,QB,average,20.5832,4,0.19810000000000016,NA,20.5832,20.5832,4
10700,Kirk,Cousins,MIN,QB,33,8,QB,robust,20.5832,4,0.19810000000000016,0,20.5832,20.5832,4
10700,Kirk,Cousins,MIN,QB,33,8,QB,weighted,20.5832,4,0.19810000000000016,NA,20.5832,20.5832,4
10703,Russell,Wilson,SEA,QB,33,8,QB,average,20.347399999999997,7,0.7366999999999955,NA,20.347399999999997,20.347399999999997,7
10703,Russell,Wilson,SEA,QB,33,8,QB,robust,20.347399999999997,7,0.7366999999999955,0,20.347399999999997,20.347399999999997,7
10703,Russell,Wilson,SEA,QB,33,8,QB,weighted,20.3474,7,0.736699999999999,NA,20.347399999999997,20.347399999999997,7
10708,Lamar,Miller,WAS,RB,30,8,RB,average,0.108,91,0.0034999999999999892,NA,0.108,0.108,NA
10708,Lamar,Miller,WAS,RB,30,8,RB,robust,0.108,91,0.0034999999999999892,0,0.108,0.108,NA
10708,Lamar,Miller,WAS,RB,30,8,RB,weighted,0.108,89,0,NA,0.108,0.108,NA
10722,Alshon,Jeffery,PHI,WR,31,8,WR,average,4.569,79,0.32899999999999974,NA,4.569,4.569,79
10722,Alshon,Jeffery,PHI,WR,31,8,WR,robust,4.569,79,0.32899999999999974,0,4.569,4.569,79
10722,Alshon,Jeffery,PHI,WR,31,8,WR,weighted,4.569,79,0.32899999999999974,NA,4.569,4.569,79
10723,Mohamed,Sanu,DET,WR,32,8,WR,average,6.482,71,0.1305000000000005,NA,6.482,6.482,71
10723,Mohamed,Sanu,DET,WR,32,8,WR,robust,6.482,71,0.1305000000000005,0,6.482,6.482,71
10723,Mohamed,Sanu,DET,WR,32,8,WR,weighted,6.482,71,0.1305000000000005,Inf,6.482,6.482,71
10729,T.Y.,Hilton,IND,WR,32,8,WR,average,12.709,27,0.11899999999999977,NA,12.709,12.709,27
10729,T.Y.,Hilton,IND,WR,32,8,WR,robust,12.709,27,0.11899999999999977,0,12.709,12.709,27
10729,T.Y.,Hilton,IND,WR,32,8,WR,weighted,12.709,27,0.11899999999999977,Inf,12.709,12.709,27
10738,Marvin,Jones,DET,WR,31,8,WR,average,15.774000000000001,10,0.18299999999999983,NA,15.774000000000001,15.774000000000001,10
10738,Marvin,Jones,DET,WR,31,8,WR,robust,15.774000000000001,10,0.18299999999999983,0,15.774000000000001,15.774000000000001,10
10738,Marvin,Jones,DET,WR,31,8,WR,weighted,15.774000000000001,10,0.18299999999999983,NA,15.774000000000001,15.774000000000001,10
10870,Alfred,Morris,NYG,RB,33,8,RB,average,5.300000000000001,51,0.019000000000000128,NA,5.300000000000001,5.300000000000001,51
10870,Alfred,Morris,NYG,RB,33,8,RB,robust,5.300000000000001,51,0.019000000000000128,0,5.300000000000001,5.300000000000001,51
10870,Alfred,Morris,NYG,RB,33,8,RB,weighted,5.3,51,0.01899999999999924,NA,5.300000000000001,5.300000000000001,51
10940,Derek,Carrier,LVR,TE,31,8,TE,average,0.099,59,0,NA,0.099,0.099,59
10940,Derek,Carrier,LVR,TE,31,8,TE,robust,0.099,59,0,0,0.099,0.099,59
10940,Derek,Carrier,LVR,TE,31,8,TE,weighted,0.099,59,0,NA,0.099,0.099,59
11151,Matt,Barkley,BUF,QB,31,7,QB,average,7.9084,29,4.5084,NA,7.9084,7.9084,29
11151,Matt,Barkley,BUF,QB,31,7,QB,robust,7.9084,29,4.5084,0,7.9084,7.9084,29
11151,Matt,Barkley,BUF,QB,31,7,QB,weighted,7.9084,29,4.5084,NA,7.9084,7.9084,29
11152,Mike,Glennon,JAC,QB,32,7,QB,average,14.6708,26,1.8833000000000002,NA,14.6708,14.6708,26
11152,Mike,Glennon,JAC,QB,32,7,QB,robust,14.6708,26,1.8833000000000002,0,14.6708,14.6708,26
11152,Mike,Glennon,JAC,QB,32,7,QB,weighted,14.670800000000002,26,1.883300000000002,Inf,14.6708,14.6708,26
11188,Theo,Riddick,LVR,RB,30,7,RB,average,0.109,89,4.999999999999866e-4,NA,0.109,0.109,NA
11188,Theo,Riddick,LVR,RB,30,7,RB,robust,0.109,89,4.999999999999866e-4,0,0.109,0.109,NA
11188,Theo,Riddick,LVR,RB,30,7,RB,weighted,0.109,88,0,Inf,0.109,0.109,NA
11192,Le'Veon,Bell,KCC,RB,29,7,RB,average,2.804,64,0.2069999999999994,NA,2.804,2.804,64
11192,Le'Veon,Bell,KCC,RB,29,7,RB,robust,2.804,64,0.2069999999999994,0,2.804,2.804,64
11192,Le'Veon,Bell,KCC,RB,29,7,RB,weighted,2.804,64,0.20699999999999985,NA,2.804,2.804,64
11193,Giovani,Bernard,CIN,RB,30,7,RB,average,11.457,24,0.28699999999999903,NA,11.457,11.457,24
11193,Giovani,Bernard,CIN,RB,30,7,RB,robust,11.457,24,0.28699999999999903,0,11.457,11.457,24
11193,Giovani,Bernard,CIN,RB,30,7,RB,weighted,11.457,24,0.28699999999999903,NA,11.457,11.457,24
11225,Cordarrelle,Patterson,CHI,WR,30,7,RB,average,3.0220000000000002,62,0.13750000000000018,NA,3.0220000000000002,3.0220000000000002,62
11225,Cordarrelle,Patterson,CHI,WR,30,7,RB,robust,3.0220000000000002,62,0.13750000000000018,0,3.0220000000000002,3.0220000000000002,62
11225,Cordarrelle,Patterson,CHI,WR,30,7,RB,weighted,3.022,62,0.13749999999999973,NA,3.0220000000000002,3.0220000000000002,62
11228,Robert,Woods,LAR,WR,29,7,WR,average,14.469000000000001,14,0.48799999999999955,NA,14.469000000000001,14.469000000000001,14
11228,Robert,Woods,LAR,WR,29,7,WR,robust,14.469000000000001,14,0.48799999999999955,0,14.469000000000001,14.469000000000001,14
11228,Robert,Woods,LAR,WR,29,7,WR,weighted,14.469000000000001,14,0.48799999999999955,NA,14.469000000000001,14.469000000000001,14
11232,DeAndre,Hopkins,ARI,WR,29,7,WR,average,17.805,4,1.2055000000000007,NA,17.805,17.805,4
11232,DeAndre,Hopkins,ARI,WR,29,7,WR,robust,17.805,4,1.2055000000000007,0,17.805,17.805,4
11232,DeAndre,Hopkins,ARI,WR,29,7,WR,weighted,17.805,4,1.2055000000000007,NA,17.805,17.805,4
11247,Zach,Ertz,PHI,TE,31,7,TE,average,10.244,10,0.5350000000000001,NA,10.244,10.244,10
11247,Zach,Ertz,PHI,TE,31,7,TE,robust,10.244,10,0.5350000000000001,0,10.244,10.244,10
11247,Zach,Ertz,PHI,TE,31,7,TE,weighted,10.244,10,0.5350000000000001,NA,10.244,10.244,10
11248,Jordan,Reed,SFO,TE,31,7,TE,average,2.8800000000000003,43,0.25050000000000017,NA,2.8800000000000003,2.8800000000000003,43
11248,Jordan,Reed,SFO,TE,31,7,TE,robust,2.8800000000000003,43,0.25050000000000017,0,2.8800000000000003,2.8800000000000003,43
11248,Jordan,Reed,SFO,TE,31,7,TE,weighted,2.8800000000000003,43,0.25050000000000017,NA,2.8800000000000003,2.8800000000000003,43
11250,Tyler,Eifert,JAC,TE,31,7,TE,average,7.438000000000001,19,0.15200000000000102,NA,7.438000000000001,7.438000000000001,19
11250,Tyler,Eifert,JAC,TE,31,7,TE,robust,7.438000000000001,19,0.15200000000000102,0,7.438000000000001,7.438000000000001,19
11250,Tyler,Eifert,JAC,TE,31,7,TE,weighted,7.438,19,0.15200000000000014,NA,7.438000000000001,7.438000000000001,19
11252,Levine,Toilolo,NYG,TE,30,7,TE,average,0.085,65,0,NA,0.085,0.085,NA
11252,Levine,Toilolo,NYG,TE,30,7,TE,robust,0.085,65,0,0,0.085,0.085,NA
11252,Levine,Toilolo,NYG,TE,30,7,TE,weighted,0.085,65,0,NA,0.085,0.085,NA
11257,Vance,McDonald,PIT,TE,31,7,TE,average,6.880000000000001,23,0.21700000000000053,NA,6.880000000000001,6.880000000000001,23
11257,Vance,McDonald,PIT,TE,31,7,TE,robust,6.880000000000001,23,0.21700000000000053,0,6.880000000000001,6.880000000000001,23
11257,Vance,McDonald,PIT,TE,31,7,TE,weighted,6.880000000000001,23,0.21700000000000053,NA,6.880000000000001,6.880000000000001,23
11337,Darren,Fells,HOU,TE,35,8,TE,average,4.4510000000000005,33,0.07350000000000101,NA,4.4510000000000005,4.4510000000000005,33
11337,Darren,Fells,HOU,TE,35,8,TE,robust,4.4510000000000005,33,0.07350000000000101,0,4.4510000000000005,4.4510000000000005,33
11337,Darren,Fells,HOU,TE,35,8,TE,weighted,4.451,33,0.07350000000000012,NA,4.4510000000000005,4.4510000000000005,33
11367,Kyle,Juszczyk,SFO,RB,30,7,RB,average,3.063,61,0.06950000000000012,NA,3.063,3.063,61
11367,Kyle,Juszczyk,SFO,RB,30,7,RB,robust,3.063,61,0.06950000000000012,0,3.063,3.063,61
11367,Kyle,Juszczyk,SFO,RB,30,7,RB,weighted,3.063,61,0.06950000000000012,NA,3.063,3.063,61
11381,Luke,Willson,FA,TE,31,7,TE,average,0.088,63,0.0024999999999999883,NA,0.088,0.088,NA
11381,Luke,Willson,FA,TE,31,7,TE,robust,0.088,63,0.0024999999999999883,0,0.088,0.088,NA
11381,Luke,Willson,FA,TE,31,7,TE,weighted,0.088,63,0.0024999999999999883,NA,0.088,0.088,NA
11399,Ryan,Griffin,NYJ,TE,31,7,TE,average,0.08000000000000002,68,NA,NA,0.08000000000000002,0.08000000000000002,NA
11399,Ryan,Griffin,NYJ,TE,31,7,TE,robust,0.08000000000000002,68,NA,0,0.08000000000000002,0.08000000000000002,NA
11399,Ryan,Griffin,NYJ,TE,31,7,TE,weighted,0.08,68,NA,NA,0.08000000000000002,0.08000000000000002,NA
11448,Demetrius,Harris,CHI,TE,30,7,TE,average,0.084,66,0.0010000000000000009,NA,0.084,0.084,NA
11448,Demetrius,Harris,CHI,TE,30,7,TE,robust,0.084,66,0.0010000000000000009,0,0.084,0.084,NA
11448,Demetrius,Harris,CHI,TE,30,7,TE,weighted,0.084,66,0.0010000000000000009,NA,0.084,0.084,NA
11516,Jack,Doyle,IND,TE,31,7,TE,average,6.107,29,1.4009999999999998,NA,6.107,6.107,29
11516,Jack,Doyle,IND,TE,31,7,TE,robust,6.107,29,1.4009999999999998,0,6.107,6.107,29
11516,Jack,Doyle,IND,TE,31,7,TE,weighted,6.107,29,1.4009999999999998,NA,6.107,6.107,29
11640,Teddy,Bridgewater,CAR,QB,29,6,QB,average,17.0584,18,0.0362000000000009,NA,17.0584,17.0584,18
11640,Teddy,Bridgewater,CAR,QB,29,6,QB,robust,17.0584,18,0.0362000000000009,0,17.0584,17.0584,18
11640,Teddy,Bridgewater,CAR,QB,29,6,QB,weighted,17.0584,18,0.0362000000000009,NA,17.0584,17.0584,18
11644,Derek,Carr,LVR,QB,30,6,QB,average,19.421,9,0.2746999999999957,NA,19.421,19.421,9
11644,Derek,Carr,LVR,QB,30,6,QB,robust,19.421,9,0.2746999999999957,0,19.421,19.421,9
11644,Derek,Carr,LVR,QB,30,6,QB,weighted,19.421,9,0.2746999999999957,NA,19.421,19.421,9
11647,Logan,Thomas,WAS,TE,30,6,TE,average,10.819,7,0.36599999999999966,NA,10.819,10.819,7
11647,Logan,Thomas,WAS,TE,30,6,TE,robust,10.819,7,0.36599999999999966,0,10.819,10.819,7
11647,Logan,Thomas,WAS,TE,30,6,TE,weighted,10.819,7,0.36599999999999966,NA,10.819,10.819,7
11671,Mike,Evans,TBB,WR,28,6,WR,average,13.212000000000002,23,0.2425000000000015,NA,13.212000000000002,13.212000000000002,23
11671,Mike,Evans,TBB,WR,28,6,WR,robust,13.212000000000002,23,0.2425000000000015,0,13.212000000000002,13.212000000000002,23
11671,Mike,Evans,TBB,WR,28,6,WR,weighted,13.212000000000002,23,0.2425000000000015,Inf,13.212000000000002,13.212000000000002,23
11674,Brandin,Cooks,HOU,WR,28,6,WR,average,15.739,11,0.713000000000001,NA,15.739,15.739,11
11674,Brandin,Cooks,HOU,WR,28,6,WR,robust,15.739,11,0.713000000000001,0,15.739,15.739,11
11674,Brandin,Cooks,HOU,WR,28,6,WR,weighted,15.739,11,0.713000000000001,Inf,15.739,15.739,11
11675,Davante,Adams,GBP,WR,29,6,WR,average,22.159000000000002,1,3.0375000000000014,NA,22.159000000000002,22.159000000000002,1
11675,Davante,Adams,GBP,WR,29,6,WR,robust,22.159000000000002,1,3.0375000000000014,0,22.159000000000002,22.159000000000002,1
11675,Davante,Adams,GBP,WR,29,6,WR,weighted,22.159000000000002,1,3.0375000000000014,NA,22.159000000000002,22.159000000000002,1
11678,Allen,Robinson,CHI,WR,28,6,WR,average,16.365000000000002,7,0.19850000000000279,NA,16.365000000000002,16.365000000000002,7
11678,Allen,Robinson,CHI,WR,28,6,WR,robust,16.365000000000002,7,0.19850000000000279,0,16.365000000000002,16.365000000000002,7
11678,Allen,Robinson,CHI,WR,28,6,WR,weighted,16.365000000000002,7,0.19850000000000279,NA,16.365000000000002,16.365000000000002,7
11680,Jarvis,Landry,CLE,WR,29,6,WR,average,12.834,25,0.12099999999999866,NA,12.834,12.834,25
11680,Jarvis,Landry,CLE,WR,29,6,WR,robust,12.834,25,0.12099999999999866,0,12.834,12.834,25
11680,Jarvis,Landry,CLE,WR,29,6,WR,weighted,12.834,25,0.12099999999999866,NA,12.834,12.834,25
11705,Trey,Burton,IND,TE,30,6,TE,average,6.521,26,0.20899999999999963,NA,6.521,6.521,26
11705,Trey,Burton,IND,TE,30,6,TE,robust,6.521,26,0.20899999999999963,0,6.521,6.521,26
11705,Trey,Burton,IND,TE,30,6,TE,weighted,6.521,26,0.20899999999999963,NA,6.521,6.521,26
11747,James,White,NEP,RB,29,6,RB,average,8.041,38,0.25650000000000084,NA,8.041,8.041,38
11747,James,White,NEP,RB,29,6,RB,robust,8.041,38,0.25650000000000084,0,8.041,8.041,38
11747,James,White,NEP,RB,29,6,RB,weighted,8.041,38,0.25650000000000084,NA,8.041,8.041,38
11761,Jerick,McKinnon,SFO,RB,29,6,RB,average,6.429,45,0.2945000000000002,NA,6.429,6.429,45
11761,Jerick,McKinnon,SFO,RB,29,6,RB,robust,6.429,45,0.2945000000000002,0,6.429,6.429,45
11761,Jerick,McKinnon,SFO,RB,29,6,RB,weighted,6.429,45,0.2945000000000002,NA,6.429,6.429,45
11783,John,Brown,BUF,WR,31,6,WR,average,10.924,41,0.17049999999999876,NA,10.924,10.924,41
11783,John,Brown,BUF,WR,31,6,WR,robust,10.924,41,0.17049999999999876,0,10.924,10.924,41
11783,John,Brown,BUF,WR,31,6,WR,weighted,10.924,41,0.17049999999999876,NA,10.924,10.924,41
11931,Bennie,Fowler,NOS,WR,30,6,WR,average,0.097,109,0.0020000000000000018,NA,0.097,0.097,NA
11931,Bennie,Fowler,NOS,WR,30,6,WR,robust,0.097,109,0.0020000000000000018,0,0.097,0.097,NA
11931,Bennie,Fowler,NOS,WR,30,6,WR,weighted,0.097,109,0.0020000000000000018,NA,0.097,0.097,NA
11938,Adam,Thielen,MIN,WR,31,6,WR,average,16.519,6,0.2259999999999991,NA,16.519,16.519,6
11938,Adam,Thielen,MIN,WR,31,6,WR,robust,16.519,6,0.2259999999999991,0,16.519,16.519,6
11938,Adam,Thielen,MIN,WR,31,6,WR,weighted,16.519,6,0.2259999999999991,NA,16.519,16.519,6
11964,Senorise,Perry,TEN,RB,30,6,RB,average,0.128,84,0.0025000000000000022,NA,0.128,0.128,84
11964,Senorise,Perry,TEN,RB,30,6,RB,robust,0.128,84,0.0025000000000000022,0,0.128,0.128,84
11964,Senorise,Perry,TEN,RB,30,6,RB,weighted,0.128,84,0.0025000000000000022,NA,0.128,0.128,84
12040,Keith,Smith,ATL,RB,29,6,RB,average,0.655,79,0.07299999999999995,NA,0.655,0.655,79
12040,Keith,Smith,ATL,RB,29,6,RB,robust,0.655,79,0.07299999999999995,0,0.655,0.655,79
12040,Keith,Smith,ATL,RB,29,6,RB,weighted,0.655,79,0.07299999999999995,NA,0.655,0.655,79
12110,Cameron,Brate,TBB,TE,30,6,TE,average,3.979,39,0.4450000000000003,NA,3.979,3.979,39
12110,Cameron,Brate,TBB,TE,30,6,TE,robust,3.979,39,0.4450000000000003,0,3.979,3.979,39
12110,Cameron,Brate,TBB,TE,30,6,TE,weighted,3.979,39,0.4450000000000003,NA,3.979,3.979,39
12150,Todd,Gurley,ATL,RB,27,5,RB,average,6.721,41,0.15449999999999964,NA,6.721,6.721,41
12150,Todd,Gurley,ATL,RB,27,5,RB,robust,6.721,41,0.15449999999999964,0,6.721,6.721,41
12150,Todd,Gurley,ATL,RB,27,5,RB,weighted,6.721,41,0.15450000000000053,NA,6.721,6.721,41
12151,Melvin,Gordon,DEN,RB,28,5,RB,average,15.809000000000001,12,0.7484999999999999,NA,15.809000000000001,15.809000000000001,12
12151,Melvin,Gordon,DEN,RB,28,5,RB,robust,15.809000000000001,12,0.7484999999999999,0,15.809000000000001,15.809000000000001,12
12151,Melvin,Gordon,DEN,RB,28,5,RB,weighted,15.809000000000001,12,0.7484999999999999,NA,15.809000000000001,15.809000000000001,12
12152,Tevin,Coleman,SFO,RB,28,5,RB,average,2.9650000000000003,63,0.26100000000000056,NA,2.9650000000000003,2.9650000000000003,63
12152,Tevin,Coleman,SFO,RB,28,5,RB,robust,2.9650000000000003,63,0.26100000000000056,0,2.9650000000000003,2.9650000000000003,63
12152,Tevin,Coleman,SFO,RB,28,5,RB,weighted,2.9650000000000003,63,0.26100000000000056,NA,2.9650000000000003,2.9650000000000003,63
12155,Ameer,Abdullah,MIN,RB,28,5,RB,average,5.805,50,0.5084999999999997,NA,5.805,5.805,50
12155,Ameer,Abdullah,MIN,RB,28,5,RB,robust,5.805,50,0.5084999999999997,0,5.805,5.805,50
12155,Ameer,Abdullah,MIN,RB,28,5,RB,weighted,5.805,50,0.5084999999999997,NA,5.805,5.805,50
12157,Duke,Johnson,HOU,RB,28,5,RB,average,3.694,60,0.6514999999999995,NA,3.694,3.694,60
12157,Duke,Johnson,HOU,RB,28,5,RB,robust,3.694,60,0.6514999999999995,0,3.694,3.694,60
12157,Duke,Johnson,HOU,RB,28,5,RB,weighted,3.694,60,0.6515,NA,3.694,3.694,60
12171,David,Johnson,HOU,RB,30,5,RB,average,14.08,16,0.3224999999999998,NA,14.08,14.08,16
12171,David,Johnson,HOU,RB,30,5,RB,robust,14.08,16,0.3224999999999998,0,14.08,14.08,16
12171,David,Johnson,HOU,RB,30,5,RB,weighted,14.080000000000002,16,0.32250000000000156,NA,14.08,14.08,16
12175,Amari,Cooper,DAL,WR,27,5,WR,average,12.613,28,0.192499999999999,NA,12.613,12.613,28
12175,Amari,Cooper,DAL,WR,27,5,WR,robust,12.613,28,0.192499999999999,0,12.613,12.613,28
12175,Amari,Cooper,DAL,WR,27,5,WR,weighted,12.613,28,0.192499999999999,NA,12.613,12.613,28
12176,DeVante,Parker,MIA,WR,28,5,WR,average,11.299,37,0.134999999999998,NA,11.299,11.299,37
12176,DeVante,Parker,MIA,WR,28,5,WR,robust,11.299,37,0.134999999999998,0,11.299,11.299,37
12176,DeVante,Parker,MIA,WR,28,5,WR,weighted,11.299000000000001,37,0.1349999999999998,NA,11.299,11.299,37
12177,Kevin,White,FA,WR,29,5,WR,average,0.085,115,0,NA,0.085,0.085,NA
12177,Kevin,White,FA,WR,29,5,WR,robust,0.085,115,0,0,0.085,0.085,NA
12177,Kevin,White,FA,WR,29,5,WR,weighted,0.085,115,0,NA,0.085,0.085,NA
12181,Nelson,Agholor,LVR,WR,28,5,WR,average,11.272000000000002,38,0.26700000000000124,NA,11.272000000000002,11.272000000000002,38
12181,Nelson,Agholor,LVR,WR,28,5,WR,robust,11.272000000000002,38,0.26700000000000124,0,11.272000000000002,11.272000000000002,38
12181,Nelson,Agholor,LVR,WR,28,5,WR,weighted,11.272,38,0.26699999999999946,NA,11.272000000000002,11.272000000000002,38
12184,Jamison,Crowder,NYJ,WR,28,5,WR,average,13.362,22,0.20350000000000001,NA,13.362,13.362,22
12184,Jamison,Crowder,NYJ,WR,28,5,WR,robust,13.362,22,0.20350000000000001,0,13.362,13.362,22
12184,Jamison,Crowder,NYJ,WR,28,5,WR,weighted,13.362,22,0.20350000000000001,NA,13.362,13.362,22
12186,Stefon,Diggs,BUF,WR,28,5,WR,average,16.221,8,0.27800000000000047,NA,16.221,16.221,8
12186,Stefon,Diggs,BUF,WR,28,5,WR,robust,16.221,8,0.27800000000000047,0,16.221,16.221,8
12186,Stefon,Diggs,BUF,WR,28,5,WR,weighted,16.221,8,0.27800000000000047,NA,16.221,16.221,8
12187,Tyler,Lockett,SEA,WR,29,5,WR,average,13.105,24,0.32949999999999946,NA,13.105,13.105,24
12187,Tyler,Lockett,SEA,WR,29,5,WR,robust,13.105,24,0.32949999999999946,0,13.105,13.105,24
12187,Tyler,Lockett,SEA,WR,29,5,WR,weighted,13.105,24,0.32949999999999946,Inf,13.105,13.105,24
12197,Breshad,Perriman,NYJ,WR,28,5,WR,average,9.144,56,0.1225000000000005,NA,9.144,9.144,56
12197,Breshad,Perriman,NYJ,WR,28,5,WR,robust,9.144,56,0.1225000000000005,0,9.144,9.144,56
12197,Breshad,Perriman,NYJ,WR,28,5,WR,weighted,9.144,56,0.1225000000000005,NA,9.144,9.144,56
12206,Maxx,Williams,ARI,TE,27,5,TE,average,0.093,62,0.006000000000000005,NA,0.093,0.093,NA
12206,Maxx,Williams,ARI,TE,27,5,TE,robust,0.093,62,0.006000000000000005,0,0.093,0.093,NA
12206,Maxx,Williams,ARI,TE,27,5,TE,weighted,0.093,62,0.006000000000000005,NA,0.093,0.093,NA
12211,Jesse,James,DET,TE,27,5,TE,average,1.974,49,0.2845,NA,1.974,1.974,49
12211,Jesse,James,DET,TE,27,5,TE,robust,1.974,49,0.2845,0,1.974,1.974,49
12211,Jesse,James,DET,TE,27,5,TE,weighted,1.974,49,0.28449999999999975,Inf,1.974,1.974,49
12213,Blake,Bell,DAL,TE,30,5,TE,average,2.099,47,0.07000000000000028,NA,2.099,2.099,47
12213,Blake,Bell,DAL,TE,30,5,TE,robust,2.099,47,0.07000000000000028,0,2.099,2.099,47
12213,Blake,Bell,DAL,TE,30,5,TE,weighted,2.099,47,0.07000000000000028,NA,2.099,2.099,47
12257,Chris,Conley,JAC,WR,29,5,WR,average,10.785,42,0.0779999999999994,NA,10.785,10.785,42
12257,Chris,Conley,JAC,WR,29,5,WR,robust,10.785,42,0.0779999999999994,0,10.785,10.785,42
12257,Chris,Conley,JAC,WR,29,5,WR,weighted,10.785,42,0.0779999999999994,NA,10.785,10.785,42
12261,Ty,Montgomery,NOS,RB,28,5,RB,average,13.707999999999998,18,0.8229999999999968,NA,13.707999999999998,13.707999999999998,18
12261,Ty,Montgomery,NOS,RB,28,5,RB,robust,13.707999999999998,18,0.8229999999999968,0,13.707999999999998,13.707999999999998,18
12261,Ty,Montgomery,NOS,RB,28,5,RB,weighted,13.707999999999998,18,0.8229999999999968,Inf,13.707999999999998,13.707999999999998,18
12263,Darren,Waller,LVR,TE,29,5,TE,average,17.566000000000003,1,2.439,NA,17.566000000000003,17.566000000000003,1
12263,Darren,Waller,LVR,TE,29,5,TE,robust,17.566000000000003,1,2.439,0,17.566000000000003,17.566000000000003,1
12263,Darren,Waller,LVR,TE,29,5,TE,weighted,17.566000000000003,1,2.439,NA,17.566000000000003,17.566000000000003,1
12309,MyCole,Pruitt,TEN,TE,29,5,TE,average,0.14500000000000002,57,0.04550000000000001,NA,0.14500000000000002,0.14500000000000002,57
12309,MyCole,Pruitt,TEN,TE,29,5,TE,robust,0.14500000000000002,57,0.04550000000000001,0,0.14500000000000002,0.14500000000000002,57
12309,MyCole,Pruitt,TEN,TE,29,5,TE,weighted,0.14500000000000002,57,0.04550000000000001,NA,0.14500000000000002,0.14500000000000002,57
12330,James,O'Shaughnessy,JAC,TE,29,5,TE,average,3.285,42,0.46399999999999997,NA,3.285,3.285,42
12330,James,O'Shaughnessy,JAC,TE,29,5,TE,robust,3.285,42,0.46399999999999997,0,3.285,3.285,42
12330,James,O'Shaughnessy,JAC,TE,29,5,TE,weighted,3.285,42,0.46399999999999997,NA,3.285,3.285,42
12378,Geoff,Swaim,TEN,TE,28,5,TE,average,0.151,56,0.028499999999999984,NA,0.151,0.151,56
12378,Geoff,Swaim,TEN,TE,28,5,TE,robust,0.151,56,0.028499999999999984,0,0.151,0.151,56
12378,Geoff,Swaim,TEN,TE,28,5,TE,weighted,0.151,56,0.028499999999999984,NA,0.151,0.151,56
12386,Malcolm,Brown,LAR,RB,28,5,RB,average,8.126,37,0.14899999999999913,NA,8.126,8.126,37
12386,Malcolm,Brown,LAR,RB,28,5,RB,robust,8.126,37,0.14899999999999913,0,8.126,8.126,37
12386,Malcolm,Brown,LAR,RB,28,5,RB,weighted,8.126,37,0.14899999999999913,NA,8.126,8.126,37
12429,DeAndrew,White,BAL,WR,30,5,WR,average,0.087,113,0,NA,0.087,0.087,NA
12429,DeAndrew,White,BAL,WR,30,5,WR,robust,0.087,113,0,0,0.087,0.087,NA
12429,DeAndrew,White,BAL,WR,30,5,WR,weighted,0.087,113,0,NA,0.087,0.087,NA
12464,Damiere,Byrd,NEP,WR,28,5,WR,average,10.692,44,0.3019999999999996,NA,10.692,10.692,44
12464,Damiere,Byrd,NEP,WR,28,5,WR,robust,10.692,44,0.3019999999999996,0,10.692,10.692,44
12464,Damiere,Byrd,NEP,WR,28,5,WR,weighted,10.692,44,0.3019999999999996,NA,10.692,10.692,44
12585,Daniel,Brown,NYJ,TE,29,5,TE,average,0.653,54,0.497,NA,0.653,0.653,54
12585,Daniel,Brown,NYJ,TE,29,5,TE,robust,0.653,54,0.497,0,0.653,0.653,54
12585,Daniel,Brown,NYJ,TE,29,5,TE,weighted,0.653,54,0.497,NA,0.653,0.653,54
12616,Jacoby,Brissett,IND,QB,29,4,QB,average,0.9790000000000001,31,NA,NA,0.9790000000000001,0.9790000000000001,31
12616,Jacoby,Brissett,IND,QB,29,4,QB,robust,0.9790000000000001,31,NA,0,0.9790000000000001,0.9790000000000001,31
12616,Jacoby,Brissett,IND,QB,29,4,QB,weighted,0.9790000000000001,31,NA,Inf,0.9790000000000001,0.9790000000000001,31
12625,Ezekiel,Elliott,DAL,RB,26,4,RB,average,15.033000000000001,14,0.9465000000000003,NA,15.033000000000001,15.033000000000001,14
12625,Ezekiel,Elliott,DAL,RB,26,4,RB,robust,15.033000000000001,14,0.9465000000000003,0,15.033000000000001,15.033000000000001,14
12625,Ezekiel,Elliott,DAL,RB,26,4,RB,weighted,15.033000000000001,14,0.9465000000000003,NA,15.033000000000001,15.033000000000001,14
12626,Derrick,Henry,TEN,RB,27,4,RB,average,22.035,1,2.224499999999999,NA,22.035,22.035,1
12626,Derrick,Henry,TEN,RB,27,4,RB,robust,22.035,1,2.224499999999999,0,22.035,22.035,1
12626,Derrick,Henry,TEN,RB,27,4,RB,weighted,22.035000000000004,1,2.2245000000000026,NA,22.035,22.035,1
12628,Alex,Collins,SEA,RB,27,4,RB,average,0.10800000000000001,90,0,NA,0.10800000000000001,0.10800000000000001,NA
12628,Alex,Collins,SEA,RB,27,4,RB,robust,0.10800000000000001,90,0,0,0.10800000000000001,0.10800000000000001,NA
12628,Alex,Collins,SEA,RB,27,4,RB,weighted,0.108,89,0,Inf,0.10800000000000001,0.10800000000000001,NA
12629,Devontae,Booker,LVR,RB,29,4,RB,average,5.923,48,0.09299999999999997,NA,5.923,5.923,48
12629,Devontae,Booker,LVR,RB,29,4,RB,robust,5.923,48,0.09299999999999997,0,5.923,5.923,48
12629,Devontae,Booker,LVR,RB,29,4,RB,weighted,5.923,48,0.09299999999999997,NA,5.923,5.923,48
12630,Kenyan,Drake,ARI,RB,27,4,RB,average,14.093000000000002,15,0.14950000000000152,NA,14.093000000000002,14.093000000000002,15
12630,Kenyan,Drake,ARI,RB,27,4,RB,robust,14.093000000000002,15,0.14950000000000152,0,14.093000000000002,14.093000000000002,15
12630,Kenyan,Drake,ARI,RB,27,4,RB,weighted,14.093000000000002,15,0.14950000000000152,NA,14.093000000000002,14.093000000000002,15
12634,Jordan,Howard,PHI,RB,27,4,RB,average,4,58,0.1995,NA,4,4,58
12634,Jordan,Howard,PHI,RB,27,4,RB,robust,4,58,0.1995,0,4,4,58
12634,Jordan,Howard,PHI,RB,27,4,RB,weighted,4,58,0.1995,NA,4,4,58
12637,Peyton,Barber,WAS,RB,27,4,RB,average,2.2150000000000003,68,0.2945000000000002,NA,2.2150000000000003,2.2150000000000003,68
12637,Peyton,Barber,WAS,RB,27,4,RB,robust,2.2150000000000003,68,0.2945000000000002,0,2.2150000000000003,2.2150000000000003,68
12637,Peyton,Barber,WAS,RB,27,4,RB,weighted,2.2150000000000003,68,0.2945000000000002,NA,2.2150000000000003,2.2150000000000003,68
12639,Tyler,Ervin,GBP,RB,28,4,RB,average,0.109,89,9.99999999999987e-4,NA,0.109,0.109,NA
12639,Tyler,Ervin,GBP,RB,28,4,RB,robust,0.109,89,9.99999999999987e-4,0,0.109,0.109,NA
12639,Tyler,Ervin,GBP,RB,28,4,RB,weighted,0.109,88,5.000000000000004e-4,Inf,0.109,0.109,NA
12645,Laquon,Treadwell,ATL,WR,26,4,WR,average,5.039,77,0.40549999999999997,NA,5.039,5.039,77
12645,Laquon,Treadwell,ATL,WR,26,4,WR,robust,5.039,77,0.40549999999999997,0,5.039,5.039,77
12645,Laquon,Treadwell,ATL,WR,26,4,WR,weighted,5.039,77,0.40549999999999997,NA,5.039,5.039,77
12650,Tyler,Boyd,CIN,WR,27,4,WR,average,12.090000000000002,32,0.13200000000000145,NA,12.090000000000002,12.090000000000002,32
12650,Tyler,Boyd,CIN,WR,27,4,WR,robust,12.090000000000002,32,0.13200000000000145,0,12.090000000000002,12.090000000000002,32
12650,Tyler,Boyd,CIN,WR,27,4,WR,weighted,12.090000000000002,32,0.13200000000000145,NA,12.090000000000002,12.090000000000002,32
12656,Rashard,Higgins,CLE,WR,27,4,WR,average,9.267,53,0.02149999999999963,NA,9.267,9.267,53
12656,Rashard,Higgins,CLE,WR,27,4,WR,robust,9.267,53,0.02149999999999963,0,9.267,9.267,53
12656,Rashard,Higgins,CLE,WR,27,4,WR,weighted,9.267,53,0.02149999999999963,NA,9.267,9.267,53
12657,Tajae,Sharpe,FA,WR,27,4,WR,average,0.094,111,0.006500000000000006,NA,0.094,0.094,NA
12657,Tajae,Sharpe,FA,WR,27,4,WR,robust,0.094,111,0.006500000000000006,0,0.094,0.094,NA
12657,Tajae,Sharpe,FA,WR,27,4,WR,weighted,0.094,111,0.006500000000000006,NA,0.094,0.094,NA
12658,Sterling,Shepard,NYG,WR,28,4,WR,average,12.567,29,0.379999999999999,NA,12.567,12.567,29
12658,Sterling,Shepard,NYG,WR,28,4,WR,robust,12.567,29,0.379999999999999,0,12.567,12.567,29
12658,Sterling,Shepard,NYG,WR,28,4,WR,weighted,12.567,29,0.379999999999999,Inf,12.567,12.567,29
12660,Pharoh,Cooper,CAR,WR,26,4,WR,average,1.241,99,0.20800000000000018,NA,1.241,1.241,99
12660,Pharoh,Cooper,CAR,WR,26,4,WR,robust,1.241,99,0.20800000000000018,0,1.241,1.241,99
12660,Pharoh,Cooper,CAR,WR,26,4,WR,weighted,1.241,99,0.20800000000000018,NA,1.241,1.241,99
12675,Mike,Thomas,CIN,WR,27,4,WR,average,1.809,94,0.2829999999999999,NA,1.809,1.809,94
12675,Mike,Thomas,CIN,WR,27,4,WR,robust,1.809,94,0.2829999999999999,0,1.809,1.809,94
12675,Mike,Thomas,CIN,WR,27,4,WR,weighted,1.809,94,0.2829999999999999,Inf,1.809,1.809,94
12677,Austin,Hooper,CLE,TE,27,4,TE,average,8.376999999999999,16,0.5344999999999986,NA,8.376999999999999,8.376999999999999,16
12677,Austin,Hooper,CLE,TE,27,4,TE,robust,8.376999999999999,16,0.5344999999999986,0,8.376999999999999,8.376999999999999,16
12677,Austin,Hooper,CLE,TE,27,4,TE,weighted,8.376999999999999,16,0.5344999999999986,NA,8.376999999999999,8.376999999999999,16
12678,Tyler,Higbee,LAR,TE,28,4,TE,average,7.344,20,0.13149999999999995,NA,7.344,7.344,20
12678,Tyler,Higbee,LAR,TE,28,4,TE,robust,7.344,20,0.13149999999999995,0,7.344,7.344,20
12678,Tyler,Higbee,LAR,TE,28,4,TE,weighted,7.344,20,0.13149999999999995,NA,7.344,7.344,20
12680,Nick,Vannett,DEN,TE,28,4,TE,average,1.093,53,0.6859999999999999,NA,1.093,1.093,53
12680,Nick,Vannett,DEN,TE,28,4,TE,robust,1.093,53,0.6859999999999999,0,1.093,1.093,53
12680,Nick,Vannett,DEN,TE,28,4,TE,weighted,1.093,53,0.6859999999999999,NA,1.093,1.093,53
12773,Chris,Moore,BAL,WR,28,4,WR,average,0.085,115,0.0024999999999999883,NA,0.085,0.085,NA
12773,Chris,Moore,BAL,WR,28,4,WR,robust,0.085,115,0.0024999999999999883,0,0.085,0.085,NA
12773,Chris,Moore,BAL,WR,28,4,WR,weighted,0.085,115,0.0025000000000000022,NA,0.085,0.085,NA
12785,Demarcus,Robinson,KCC,WR,27,4,WR,average,9.416,51,0.14700000000000024,NA,9.416,9.416,51
12785,Demarcus,Robinson,KCC,WR,27,4,WR,robust,9.416,51,0.14700000000000024,0,9.416,9.416,51
12785,Demarcus,Robinson,KCC,WR,27,4,WR,weighted,9.416,51,0.14700000000000024,NA,9.416,9.416,51
12806,Andy,Janovich,CLE,RB,28,4,RB,average,0.601,80,0.13699999999999996,NA,0.601,0.601,80
12806,Andy,Janovich,CLE,RB,28,4,RB,robust,0.601,80,0.13699999999999996,0,0.601,0.601,80
12806,Andy,Janovich,CLE,RB,28,4,RB,weighted,0.601,80,0.13699999999999996,NA,0.601,0.601,80
12807,Temarrick,Hemingway,WAS,TE,28,4,TE,average,0.099,59,5.000000000000004e-4,NA,0.099,0.099,NA
12807,Temarrick,Hemingway,WAS,TE,28,4,TE,robust,0.099,59,5.000000000000004e-4,0,0.099,0.099,NA
12807,Temarrick,Hemingway,WAS,TE,28,4,TE,weighted,0.099,59,5.000000000000004e-4,NA,0.099,0.099,NA
12823,Derek,Watt,PIT,RB,29,4,RB,average,0.8879999999999999,77,0.17299999999999982,NA,0.8879999999999999,0.8879999999999999,77
12823,Derek,Watt,PIT,RB,29,4,RB,robust,0.8879999999999999,77,0.17299999999999982,0,0.8879999999999999,0.8879999999999999,77
12823,Derek,Watt,PIT,RB,29,4,RB,weighted,0.8879999999999999,77,0.17299999999999982,NA,0.8879999999999999,0.8879999999999999,77
12859,Stephen,Anderson,LAC,TE,28,4,TE,average,7.611000000000001,18,0.22000000000000064,NA,7.611000000000001,7.611000000000001,18
12859,Stephen,Anderson,LAC,TE,28,4,TE,robust,7.611000000000001,18,0.22000000000000064,0,7.611000000000001,7.611000000000001,18
12859,Stephen,Anderson,LAC,TE,28,4,TE,weighted,7.611000000000001,18,0.22000000000000064,Inf,7.611000000000001,7.611000000000001,18
12912,Jalen,Richard,LVR,RB,28,4,RB,average,2.5900000000000003,66,0.3145000000000002,NA,2.5900000000000003,2.5900000000000003,66
12912,Jalen,Richard,LVR,RB,28,4,RB,robust,2.5900000000000003,66,0.3145000000000002,0,2.5900000000000003,2.5900000000000003,66
12912,Jalen,Richard,LVR,RB,28,4,RB,weighted,2.59,66,0.3144999999999998,NA,2.5900000000000003,2.5900000000000003,66
12913,Alex,Erickson,CIN,WR,29,4,WR,average,4.237,81,0.11350000000000016,NA,4.237,4.237,81
12913,Alex,Erickson,CIN,WR,29,4,WR,robust,4.237,81,0.11350000000000016,0,4.237,4.237,81
12913,Alex,Erickson,CIN,WR,29,4,WR,weighted,4.237,81,0.11350000000000016,NA,4.237,4.237,81
12923,C.J.,Ham,MIN,RB,28,4,RB,average,1.221,73,0.18599999999999994,NA,1.221,1.221,73
12923,C.J.,Ham,MIN,RB,28,4,RB,robust,1.221,73,0.18599999999999994,0,1.221,1.221,73
12923,C.J.,Ham,MIN,RB,28,4,RB,weighted,1.221,73,0.18599999999999994,NA,1.221,1.221,73
12930,Robby,Anderson,CAR,WR,28,4,WR,average,14.003,15,0.07600000000000051,NA,14.003,14.003,15
12930,Robby,Anderson,CAR,WR,28,4,WR,robust,14.003,15,0.07600000000000051,0,14.003,14.003,15
12930,Robby,Anderson,CAR,WR,28,4,WR,weighted,14.003,15,0.07600000000000051,NA,14.003,14.003,15
12955,Chris,Manhertz,CAR,TE,29,4,TE,average,0.098,60,0.003500000000000003,NA,0.098,0.098,NA
12955,Chris,Manhertz,CAR,TE,29,4,TE,robust,0.098,60,0.003500000000000003,0,0.098,0.098,NA
12955,Chris,Manhertz,CAR,TE,29,4,TE,weighted,0.098,60,0.003500000000000003,NA,0.098,0.098,NA
13066,Kalif,Raymond,TEN,WR,27,4,WR,average,3.5460000000000003,87,0.31150000000000055,NA,3.5460000000000003,3.5460000000000003,87
13066,Kalif,Raymond,TEN,WR,27,4,WR,robust,3.5460000000000003,87,0.31150000000000055,0,3.5460000000000003,3.5460000000000003,87
13066,Kalif,Raymond,TEN,WR,27,4,WR,weighted,3.5460000000000003,87,0.31150000000000055,NA,3.5460000000000003,3.5460000000000003,87
13108,J.D.,McKissic,WAS,RB,28,4,RB,average,11.697000000000001,23,0.3454999999999995,NA,11.697000000000001,11.697000000000001,23
13108,J.D.,McKissic,WAS,RB,28,4,RB,robust,11.697000000000001,23,0.3454999999999995,0,11.697000000000001,11.697000000000001,23
13108,J.D.,McKissic,WAS,RB,28,4,RB,weighted,11.697000000000001,23,0.3454999999999995,NA,11.697000000000001,11.697000000000001,23
13113,Deshaun,Watson,HOU,QB,26,3,QB,average,23.5664,2,2.8642000000000003,NA,23.5664,23.5664,2
13113,Deshaun,Watson,HOU,QB,26,3,QB,robust,23.5664,2,2.8642000000000003,0,23.5664,23.5664,2
13113,Deshaun,Watson,HOU,QB,26,3,QB,weighted,23.5664,2,2.8642000000000003,NA,23.5664,23.5664,2
13115,Mitchell,Trubisky,CHI,QB,27,3,QB,average,17.8466,14,0.2690999999999981,NA,17.8466,17.8466,14
13115,Mitchell,Trubisky,CHI,QB,27,3,QB,robust,17.8466,14,0.2690999999999981,0,17.8466,17.8466,14
13115,Mitchell,Trubisky,CHI,QB,27,3,QB,weighted,17.8466,14,0.2690999999999981,NA,17.8466,17.8466,14
13125,C.J.,Beathard,SFO,QB,28,3,QB,average,14.981200000000001,24,0.2895000000000003,NA,14.981200000000001,14.981200000000001,24
13125,C.J.,Beathard,SFO,QB,28,3,QB,robust,14.981200000000001,24,0.2895000000000003,0,14.981200000000001,14.981200000000001,24
13125,C.J.,Beathard,SFO,QB,28,3,QB,weighted,14.9812,24,0.28949999999999854,NA,14.981200000000001,14.981200000000001,24
13129,Leonard,Fournette,TBB,RB,26,3,RB,average,8.325000000000001,35,0.1775000000000002,NA,8.325000000000001,8.325000000000001,35
13129,Leonard,Fournette,TBB,RB,26,3,RB,robust,8.325000000000001,35,0.1775000000000002,0,8.325000000000001,8.325000000000001,35
13129,Leonard,Fournette,TBB,RB,26,3,RB,weighted,8.325000000000001,35,0.1775000000000002,NA,8.325000000000001,8.325000000000001,35
13133,Samaje,Perine,CIN,RB,26,3,RB,average,5.220000000000001,54,0.5564999999999998,NA,5.220000000000001,5.220000000000001,54
13133,Samaje,Perine,CIN,RB,26,3,RB,robust,5.220000000000001,54,0.5564999999999998,0,5.220000000000001,5.220000000000001,54
13133,Samaje,Perine,CIN,RB,26,3,RB,weighted,5.220000000000001,54,0.5564999999999998,NA,5.220000000000001,5.220000000000001,54
13134,D'Onta,Foreman,TEN,RB,25,3,RB,average,0.113,87,0.00399999999999999,NA,0.113,0.113,NA
13134,D'Onta,Foreman,TEN,RB,25,3,RB,robust,0.113,87,0.00399999999999999,0,0.113,0.113,NA
13134,D'Onta,Foreman,TEN,RB,25,3,RB,weighted,0.11299999999999999,87,0.00399999999999999,NA,0.113,0.113,NA
13135,Wayne,Gallman,NYG,RB,27,3,RB,average,9.767999999999999,30,0.5800000000000001,NA,9.767999999999999,9.767999999999999,30
13135,Wayne,Gallman,NYG,RB,27,3,RB,robust,9.767999999999999,30,0.5800000000000001,0,9.767999999999999,9.767999999999999,30
13135,Wayne,Gallman,NYG,RB,27,3,RB,weighted,9.767999999999999,30,0.5800000000000001,NA,9.767999999999999,9.767999999999999,30
13136,Corey,Clement,PHI,RB,27,3,RB,average,0.101,92,NA,NA,0.101,0.101,NA
13136,Corey,Clement,PHI,RB,27,3,RB,robust,0.101,92,NA,0,0.101,0.101,NA
13136,Corey,Clement,PHI,RB,27,3,RB,weighted,0.101,90,NA,NA,0.101,0.101,NA
13138,Kareem,Hunt,CLE,RB,26,3,RB,average,10.91,28,0.9990000000000006,NA,10.91,10.91,28
13138,Kareem,Hunt,CLE,RB,26,3,RB,robust,10.91,28,0.9990000000000006,0,10.91,10.91,28
13138,Kareem,Hunt,CLE,RB,26,3,RB,weighted,10.91,28,0.9990000000000006,NA,10.91,10.91,28
13139,Jamaal,Williams,GBP,RB,26,3,RB,average,8.822000000000001,32,0.26200000000000223,NA,8.822000000000001,8.822000000000001,32
13139,Jamaal,Williams,GBP,RB,26,3,RB,robust,8.822000000000001,32,0.26200000000000223,0,8.822000000000001,8.822000000000001,32
13139,Jamaal,Williams,GBP,RB,26,3,RB,weighted,8.822000000000001,32,0.26200000000000223,NA,8.822000000000001,8.822000000000001,32
13143,Jeremy,McNichols,TEN,RB,26,3,RB,average,1.942,69,0.09699999999999975,NA,1.942,1.942,69
13143,Jeremy,McNichols,TEN,RB,26,3,RB,robust,1.942,69,0.09699999999999975,0,1.942,1.942,69
13143,Jeremy,McNichols,TEN,RB,26,3,RB,weighted,1.942,69,0.09699999999999975,NA,1.942,1.942,69
13146,James,Conner,PIT,RB,26,3,RB,average,11.246,25,0.2234999999999996,NA,11.246,11.246,25
13146,James,Conner,PIT,RB,26,3,RB,robust,11.246,25,0.2234999999999996,0,11.246,11.246,25
13146,James,Conner,PIT,RB,26,3,RB,weighted,11.246,25,0.2234999999999996,NA,11.246,11.246,25
13148,Dare,Ogunbowale,JAC,RB,27,3,RB,average,11.994,22,0.41699999999999804,NA,11.994,11.994,22
13148,Dare,Ogunbowale,JAC,RB,27,3,RB,robust,11.994,22,0.41699999999999804,0,11.994,11.994,22
13148,Dare,Ogunbowale,JAC,RB,27,3,RB,weighted,11.994,22,0.41699999999999804,NA,11.994,11.994,22
13153,Corey,Davis,TEN,WR,26,3,WR,average,13.366,21,0.07899999999999885,NA,13.366,13.366,21
13153,Corey,Davis,TEN,WR,26,3,WR,robust,13.366,21,0.07899999999999885,0,13.366,13.366,21
13153,Corey,Davis,TEN,WR,26,3,WR,weighted,13.366,21,0.07899999999999885,NA,13.366,13.366,21
13154,Mike,Williams,LAC,WR,27,3,WR,average,11.785,35,0.4535,NA,11.785,11.785,35
13154,Mike,Williams,LAC,WR,27,3,WR,robust,11.785,35,0.4535,0,11.785,11.785,35
13154,Mike,Williams,LAC,WR,27,3,WR,weighted,11.785,35,0.45349999999999824,NA,11.785,11.785,35
13156,JuJu,Smith-Schuster,PIT,WR,25,3,WR,average,12.026,33,0.18849999999999945,NA,12.026,12.026,33
13156,JuJu,Smith-Schuster,PIT,WR,25,3,WR,robust,12.026,33,0.18849999999999945,0,12.026,12.026,33
13156,JuJu,Smith-Schuster,PIT,WR,25,3,WR,weighted,12.026,33,0.18849999999999945,NA,12.026,12.026,33
13157,Curtis,Samuel,CAR,WR,25,3,WR,average,13.737000000000002,19,0.29050000000000153,NA,13.737000000000002,13.737000000000002,19
13157,Curtis,Samuel,CAR,WR,25,3,WR,robust,13.737000000000002,19,0.29050000000000153,0,13.737000000000002,13.737000000000002,19
13157,Curtis,Samuel,CAR,WR,25,3,WR,weighted,13.737000000000002,19,0.29050000000000153,Inf,13.737000000000002,13.737000000000002,19
13163,Chris,Godwin,TBB,WR,25,3,WR,average,13.527000000000001,20,0.16300000000000026,NA,13.527000000000001,13.527000000000001,20
13163,Chris,Godwin,TBB,WR,25,3,WR,robust,13.527000000000001,20,0.16300000000000026,0,13.527000000000001,13.527000000000001,20
13163,Chris,Godwin,TBB,WR,25,3,WR,weighted,13.527,20,0.16299999999999848,NA,13.527000000000001,13.527000000000001,20
13168,Josh,Reynolds,LAR,WR,26,3,WR,average,10.069,47,0.10449999999999982,NA,10.069,10.069,47
13168,Josh,Reynolds,LAR,WR,26,3,WR,robust,10.069,47,0.10449999999999982,0,10.069,10.069,47
13168,Josh,Reynolds,LAR,WR,26,3,WR,weighted,10.069,47,0.10449999999999982,NA,10.069,10.069,47
13172,Noah,Brown,DAL,WR,24,3,WR,average,1.4329999999999998,97,0.18699999999999983,NA,1.4329999999999998,1.4329999999999998,97
13172,Noah,Brown,DAL,WR,24,3,WR,robust,1.4329999999999998,97,0.18699999999999983,0,1.4329999999999998,1.4329999999999998,97
13172,Noah,Brown,DAL,WR,24,3,WR,weighted,1.4329999999999998,97,0.18699999999999983,NA,1.4329999999999998,1.4329999999999998,97
13176,Zay,Jones,LVR,WR,26,3,WR,average,0.08000000000000002,116,NA,NA,0.08000000000000002,0.08000000000000002,NA
13176,Zay,Jones,LVR,WR,26,3,WR,robust,0.08000000000000002,116,NA,0,0.08000000000000002,0.08000000000000002,NA
13176,Zay,Jones,LVR,WR,26,3,WR,weighted,0.08,116,NA,NA,0.08000000000000002,0.08000000000000002,NA
13183,Chad,Hansen,HOU,WR,26,3,WR,average,7.383000000000001,67,0.38150000000000084,NA,7.383000000000001,7.383000000000001,67
13183,Chad,Hansen,HOU,WR,26,3,WR,robust,7.383000000000001,67,0.38150000000000084,0,7.383000000000001,7.383000000000001,67
13183,Chad,Hansen,HOU,WR,26,3,WR,weighted,7.383000000000001,67,0.38150000000000084,Inf,7.383000000000001,7.383000000000001,67
13189,Evan,Engram,NYG,TE,27,3,TE,average,11.938,4,0.34249999999999936,NA,11.938,11.938,4
13189,Evan,Engram,NYG,TE,27,3,TE,robust,11.938,4,0.34249999999999936,0,11.938,11.938,4
13189,Evan,Engram,NYG,TE,27,3,TE,weighted,11.938,4,0.34249999999999936,NA,11.938,11.938,4
13190,Jake,Butt,DEN,TE,26,3,TE,average,0.084,66,0.002999999999999989,NA,0.084,0.084,NA
13190,Jake,Butt,DEN,TE,26,3,TE,robust,0.084,66,0.002999999999999989,0,0.084,0.084,NA
13190,Jake,Butt,DEN,TE,26,3,TE,weighted,0.084,66,0.0030000000000000027,NA,0.084,0.084,NA
13192,David,Njoku,CLE,TE,25,3,TE,average,2.353,46,0.2615000000000003,NA,2.353,2.353,46
13192,David,Njoku,CLE,TE,25,3,TE,robust,2.353,46,0.2615000000000003,0,2.353,2.353,46
13192,David,Njoku,CLE,TE,25,3,TE,weighted,2.3529999999999998,46,0.26149999999999984,NA,2.353,2.353,46
13193,Jonnu,Smith,TEN,TE,26,3,TE,average,10.289000000000001,9,0.25150000000000183,NA,10.289000000000001,10.289000000000001,9
13193,Jonnu,Smith,TEN,TE,26,3,TE,robust,10.289000000000001,9,0.25150000000000183,0,10.289000000000001,10.289000000000001,9
13193,Jonnu,Smith,TEN,TE,26,3,TE,weighted,10.289000000000001,9,0.25150000000000183,NA,10.289000000000001,10.289000000000001,9
13194,Jeremy,Sprinkle,WAS,TE,27,3,TE,average,0.096,61,0.005500000000000005,NA,0.096,0.096,NA
13194,Jeremy,Sprinkle,WAS,TE,27,3,TE,robust,0.096,61,0.005500000000000005,0,0.096,0.096,NA
13194,Jeremy,Sprinkle,WAS,TE,27,3,TE,weighted,0.096,61,0.005500000000000005,NA,0.096,0.096,NA
13236,Gerald,Everett,LAR,TE,27,3,TE,average,6.4190000000000005,27,0.2629999999999999,NA,6.4190000000000005,6.4190000000000005,27
13236,Gerald,Everett,LAR,TE,27,3,TE,robust,6.4190000000000005,27,0.2629999999999999,0,6.4190000000000005,6.4190000000000005,27
13236,Gerald,Everett,LAR,TE,27,3,TE,weighted,6.4190000000000005,27,0.2629999999999999,NA,6.4190000000000005,6.4190000000000005,27
13240,Brian,Hill,ATL,RB,26,3,RB,average,6.573,42,0.04349999999999987,NA,6.573,6.573,42
13240,Brian,Hill,ATL,RB,26,3,RB,robust,6.573,42,0.04349999999999987,0,6.573,6.573,42
13240,Brian,Hill,ATL,RB,26,3,RB,weighted,6.5729999999999995,42,0.043499999999998984,NA,6.573,6.573,42
13246,Mo,Alie-Cox,IND,TE,28,3,TE,average,4.2170000000000005,37,0.14300000000000068,NA,4.2170000000000005,4.2170000000000005,37
13246,Mo,Alie-Cox,IND,TE,28,3,TE,robust,4.2170000000000005,37,0.14300000000000068,0,4.2170000000000005,4.2170000000000005,37
13246,Mo,Alie-Cox,IND,TE,28,3,TE,weighted,4.2170000000000005,37,0.14300000000000068,NA,4.2170000000000005,4.2170000000000005,37
13254,Adam,Shaheen,MIA,TE,27,3,TE,average,3.726,40,0.41249999999999964,NA,3.726,3.726,40
13254,Adam,Shaheen,MIA,TE,27,3,TE,robust,3.726,40,0.41249999999999964,0,3.726,3.726,40
13254,Adam,Shaheen,MIA,TE,27,3,TE,weighted,3.726,40,0.41249999999999964,NA,3.726,3.726,40
13289,Mack,Hollins,MIA,WR,28,3,WR,average,5.252,76,0.38349999999999973,NA,5.252,5.252,76
13289,Mack,Hollins,MIA,WR,28,3,WR,robust,5.252,76,0.38349999999999973,0,5.252,5.252,76
13289,Mack,Hollins,MIA,WR,28,3,WR,weighted,5.252,76,0.38349999999999973,NA,5.252,5.252,76
13299,George,Kittle,SFO,TE,28,3,TE,average,14.379000000000001,3,2.5435000000000016,NA,14.379000000000001,14.379000000000001,3
13299,George,Kittle,SFO,TE,28,3,TE,robust,14.379000000000001,3,2.5435000000000016,0,14.379000000000001,14.379000000000001,3
13299,George,Kittle,SFO,TE,28,3,TE,weighted,14.379000000000001,3,2.5435000000000016,NA,14.379000000000001,14.379000000000001,3
13308,Jamal,Agnew,DET,WR,26,3,WR,average,2.674,90,0.04150000000000009,NA,2.674,2.674,90
13308,Jamal,Agnew,DET,WR,26,3,WR,robust,2.674,90,0.04150000000000009,0,2.674,2.674,90
13308,Jamal,Agnew,DET,WR,26,3,WR,weighted,2.674,90,0.04149999999999965,NA,2.674,2.674,90
13313,Isaiah,McKenzie,BUF,WR,26,3,WR,average,3.681,86,0.14100000000000001,NA,3.681,3.681,86
13313,Isaiah,McKenzie,BUF,WR,26,3,WR,robust,3.681,86,0.14100000000000001,0,3.681,3.681,86
13313,Isaiah,McKenzie,BUF,WR,26,3,WR,weighted,3.681,86,0.14100000000000001,Inf,3.681,3.681,86
13315,Eric,Saubert,JAC,TE,27,3,TE,average,2.084,48,0.14250000000000007,NA,2.084,2.084,48
13315,Eric,Saubert,JAC,TE,27,3,TE,robust,2.084,48,0.14250000000000007,0,2.084,2.084,48
13315,Eric,Saubert,JAC,TE,27,3,TE,weighted,2.084,48,0.14250000000000007,NA,2.084,2.084,48
13316,Trent,Taylor,SFO,WR,27,3,WR,average,0.914,101,0.522,NA,0.914,0.914,101
13316,Trent,Taylor,SFO,WR,27,3,WR,robust,0.914,101,0.522,0,0.914,0.914,101
13316,Trent,Taylor,SFO,WR,27,3,WR,weighted,0.9139999999999999,101,0.5219999999999999,NA,0.914,0.914,101
13319,Aaron,Jones,GBP,RB,27,3,RB,average,17.107,7,0.23249999999999815,NA,17.107,17.107,7
13319,Aaron,Jones,GBP,RB,27,3,RB,robust,17.107,7,0.23249999999999815,0,17.107,17.107,7
13319,Aaron,Jones,GBP,RB,27,3,RB,weighted,17.107,7,0.23249999999999815,NA,17.107,17.107,7
13326,Alexander,Armah,CAR,RB,27,3,RB,average,0.775,78,0.14700000000000002,NA,0.775,0.775,78
13326,Alexander,Armah,CAR,RB,27,3,RB,robust,0.775,78,0.14700000000000002,0,0.775,0.775,78
13326,Alexander,Armah,CAR,RB,27,3,RB,weighted,0.775,78,0.14700000000000002,NA,0.775,0.775,78
13348,David,Moore,SEA,WR,26,3,WR,average,5.367000000000001,75,0.2215000000000007,NA,5.367000000000001,5.367000000000001,75
13348,David,Moore,SEA,WR,26,3,WR,robust,5.367000000000001,75,0.2215000000000007,0,5.367000000000001,5.367000000000001,75
13348,David,Moore,SEA,WR,26,3,WR,weighted,5.367000000000001,75,0.2215000000000007,NA,5.367000000000001,5.367000000000001,75
13364,Chris,Carson,SEA,RB,27,3,RB,average,16.941000000000003,8,0.5465000000000018,NA,16.941000000000003,16.941000000000003,8
13364,Chris,Carson,SEA,RB,27,3,RB,robust,16.941000000000003,8,0.5465000000000018,0,16.941000000000003,16.941000000000003,8
13364,Chris,Carson,SEA,RB,27,3,RB,weighted,16.941000000000003,8,0.5465000000000018,NA,16.941000000000003,16.941000000000003,8
13369,Cethan,Carter,CIN,TE,28,3,TE,average,0.1,58,0.0010000000000000009,NA,0.1,0.1,58
13369,Cethan,Carter,CIN,TE,28,3,TE,robust,0.1,58,0.0010000000000000009,0,0.1,0.1,58
13369,Cethan,Carter,CIN,TE,28,3,TE,weighted,0.1,58,0.0010000000000000009,Inf,0.1,0.1,58
13377,Tim,Patrick,DEN,WR,28,3,WR,average,10.183,46,0.15700000000000003,NA,10.183,10.183,46
13377,Tim,Patrick,DEN,WR,28,3,WR,robust,10.183,46,0.15700000000000003,0,10.183,10.183,46
13377,Tim,Patrick,DEN,WR,28,3,WR,weighted,10.183,46,0.15700000000000003,NA,10.183,10.183,46
13378,Matt,Breida,MIA,RB,26,3,RB,average,0.365,82,0.22649999999999998,NA,0.365,0.365,82
13378,Matt,Breida,MIA,RB,26,3,RB,robust,0.365,82,0.22649999999999998,0,0.365,0.365,82
13378,Matt,Breida,MIA,RB,26,3,RB,weighted,0.365,82,0.22649999999999998,NA,0.365,0.365,82
13387,Marcus,Johnson,FA,WR,27,4,WR,average,0.123,105,0.016999999999999987,NA,0.123,0.123,105
13387,Marcus,Johnson,FA,WR,27,4,WR,robust,0.123,105,0.016999999999999987,0,0.123,0.123,105
13387,Marcus,Johnson,FA,WR,27,4,WR,weighted,0.123,105,0.016999999999999987,NA,0.123,0.123,105
13391,Jacob,Hollister,SEA,TE,28,3,TE,average,6.205,28,0.6854999999999993,NA,6.205,6.205,28
13391,Jacob,Hollister,SEA,TE,28,3,TE,robust,6.205,28,0.6854999999999993,0,6.205,6.205,28
13391,Jacob,Hollister,SEA,TE,28,3,TE,weighted,6.205,28,0.6854999999999993,NA,6.205,6.205,28
13396,Darrell,Daniels,ARI,TE,27,4,TE,average,1.909,50,0.4480000000000002,NA,1.909,1.909,50
13396,Darrell,Daniels,ARI,TE,27,4,TE,robust,1.909,50,0.4480000000000002,0,1.909,1.909,50
13396,Darrell,Daniels,ARI,TE,27,4,TE,weighted,1.9090000000000003,50,0.4480000000000004,Inf,1.909,1.909,50
13404,Austin,Ekeler,LAC,RB,26,3,RB,average,19.753,3,2.3064999999999998,NA,19.753,19.753,3
13404,Austin,Ekeler,LAC,RB,26,3,RB,robust,19.753,3,2.3064999999999998,0,19.753,19.753,3
13404,Austin,Ekeler,LAC,RB,26,3,RB,weighted,19.753,3,2.3064999999999998,NA,19.753,19.753,3
13412,Keelan,Cole,JAC,WR,28,3,WR,average,10.954,40,0.09950000000000081,NA,10.954,10.954,40
13412,Keelan,Cole,JAC,WR,28,3,WR,robust,10.954,40,0.09950000000000081,0,10.954,10.954,40
13412,Keelan,Cole,JAC,WR,28,3,WR,weighted,10.954,40,0.09950000000000081,NA,10.954,10.954,40
13418,Kendrick,Bourne,SFO,WR,26,3,WR,average,8.795,59,0.1509999999999998,NA,8.795,8.795,59
13418,Kendrick,Bourne,SFO,WR,26,3,WR,robust,8.795,59,0.1509999999999998,0,8.795,8.795,59
13418,Kendrick,Bourne,SFO,WR,26,3,WR,weighted,8.795,59,0.1509999999999998,NA,8.795,8.795,59
13424,Taysom,Hill,NOS,QB,31,3,QB,average,5.821,30,NA,NA,5.821,5.821,30
13424,Taysom,Hill,NOS,QB,31,3,QB,robust,5.821,30,NA,0,5.821,5.821,30
13424,Taysom,Hill,NOS,QB,31,3,QB,weighted,5.821,30,NA,NA,5.821,5.821,30
13427,Robert,Tonyan,GBP,TE,27,3,TE,average,8.074,17,0.5494999999999992,NA,8.074,8.074,17
13427,Robert,Tonyan,GBP,TE,27,3,TE,robust,8.074,17,0.5494999999999992,0,8.074,8.074,17
13427,Robert,Tonyan,GBP,TE,27,3,TE,weighted,8.074,17,0.5495000000000001,NA,8.074,8.074,17
13445,Antony,Auclair,TBB,TE,28,3,TE,average,0.161,55,0.012999999999999984,NA,0.161,0.161,55
13445,Antony,Auclair,TBB,TE,28,3,TE,robust,0.161,55,0.012999999999999984,0,0.161,0.161,55
13445,Antony,Auclair,TBB,TE,28,3,TE,weighted,0.161,55,0.012999999999999984,NA,0.161,0.161,55
13452,Trey,Edmunds,PIT,RB,27,3,RB,average,0.10900000000000001,88,1.3877787807814457e-17,NA,0.10900000000000001,0.10900000000000001,NA
13452,Trey,Edmunds,PIT,RB,27,3,RB,robust,0.10900000000000001,88,1.3877787807814457e-17,0,0.10900000000000001,0.10900000000000001,NA
13452,Trey,Edmunds,PIT,RB,27,3,RB,weighted,0.109,88,0.0010000000000000009,NA,0.10900000000000001,0.10900000000000001,NA
13455,Patrick,Ricard,BAL,RB,27,3,RB,average,0.5630000000000001,81,0.30600000000000005,NA,0.5630000000000001,0.5630000000000001,81
13455,Patrick,Ricard,BAL,RB,27,3,RB,robust,0.5630000000000001,81,0.30600000000000005,0,0.5630000000000001,0.5630000000000001,81
13455,Patrick,Ricard,BAL,RB,27,3,RB,weighted,0.5630000000000001,81,0.30600000000000005,NA,0.5630000000000001,0.5630000000000001,81
13488,Zach,Pascal,IND,WR,27,3,WR,average,8.513,61,0.20449999999999946,NA,8.513,8.513,61
13488,Zach,Pascal,IND,WR,27,3,WR,robust,8.513,61,0.20449999999999946,0,8.513,8.513,61
13488,Zach,Pascal,IND,WR,27,3,WR,weighted,8.513,61,0.20449999999999946,NA,8.513,8.513,61
13505,Marvin,Hall,CLE,WR,28,4,WR,average,0.554,102,0.37250000000000005,NA,0.554,0.554,102
13505,Marvin,Hall,CLE,WR,28,4,WR,robust,0.554,102,0.37250000000000005,0,0.554,0.554,102
13505,Marvin,Hall,CLE,WR,28,4,WR,weighted,0.554,102,0.37250000000000005,NA,0.554,0.554,102
13585,Brandon,Zylstra,CAR,WR,28,2,WR,average,1.512,96,0.16999999999999993,NA,1.512,1.512,96
13585,Brandon,Zylstra,CAR,WR,28,2,WR,robust,1.512,96,0.16999999999999993,0,1.512,1.512,96
13585,Brandon,Zylstra,CAR,WR,28,2,WR,weighted,1.512,96,0.16999999999999993,NA,1.512,1.512,96
13589,Josh,Allen,BUF,QB,25,2,QB,average,11.2172,28,4.3525,NA,11.2172,11.2172,28
13589,Josh,Allen,BUF,QB,25,2,QB,robust,11.2172,28,4.3525,0,11.2172,11.2172,28
13589,Josh,Allen,BUF,QB,25,2,QB,weighted,11.2172,28,4.3525,NA,11.2172,11.2172,28
13590,Baker,Mayfield,CLE,QB,26,2,QB,average,17.1194,17,0.06940000000000168,NA,17.1194,17.1194,17
13590,Baker,Mayfield,CLE,QB,26,2,QB,robust,17.1194,17,0.06940000000000168,0,17.1194,17.1194,17
13590,Baker,Mayfield,CLE,QB,26,2,QB,weighted,17.1194,17,0.06940000000000168,NA,17.1194,17.1194,17
13592,Sam,Darnold,NYJ,QB,24,2,QB,average,14.7126,25,0.19830000000000148,NA,14.7126,14.7126,25
13592,Sam,Darnold,NYJ,QB,24,2,QB,robust,14.7126,25,0.19830000000000148,0,14.7126,14.7126,25
13592,Sam,Darnold,NYJ,QB,24,2,QB,weighted,14.7126,25,0.1982999999999997,Inf,14.7126,14.7126,25
13593,Lamar,Jackson,BAL,QB,24,2,QB,average,23.721,1,1.527199999999997,NA,23.721,23.721,1
13593,Lamar,Jackson,BAL,QB,24,2,QB,robust,23.721,1,1.527199999999997,0,23.721,23.721,1
13593,Lamar,Jackson,BAL,QB,24,2,QB,weighted,23.720999999999997,1,1.5271999999999935,NA,23.721,23.721,1
13606,Ronald,Jones,TBB,RB,24,2,RB,average,15.088000000000001,13,0.5249999999999986,NA,15.088000000000001,15.088000000000001,13
13606,Ronald,Jones,TBB,RB,24,2,RB,robust,15.088000000000001,13,0.5249999999999986,0,15.088000000000001,15.088000000000001,13
13606,Ronald,Jones,TBB,RB,24,2,RB,weighted,15.088,13,0.5249999999999968,NA,15.088000000000001,15.088000000000001,13
13607,Sony,Michel,NEP,RB,26,2,RB,average,7.913,39,0.7245000000000008,NA,7.913,7.913,39
13607,Sony,Michel,NEP,RB,26,2,RB,robust,7.913,39,0.7245000000000008,0,7.913,7.913,39
13607,Sony,Michel,NEP,RB,26,2,RB,weighted,7.913,39,0.7245000000000008,Inf,7.913,7.913,39
13608,Rashaad,Penny,SEA,RB,25,2,RB,average,6.4990000000000006,44,0.13700000000000045,NA,6.4990000000000006,6.4990000000000006,44
13608,Rashaad,Penny,SEA,RB,25,2,RB,robust,6.4990000000000006,44,0.13700000000000045,0,6.4990000000000006,6.4990000000000006,44
13608,Rashaad,Penny,SEA,RB,25,2,RB,weighted,6.4990000000000006,44,0.13700000000000045,NA,6.4990000000000006,6.4990000000000006,44
13610,Nick,Chubb,CLE,RB,26,2,RB,average,17.142,6,0.11799999999999855,NA,17.142,17.142,6
13610,Nick,Chubb,CLE,RB,26,2,RB,robust,17.142,6,0.11799999999999855,0,17.142,17.142,6
13610,Nick,Chubb,CLE,RB,26,2,RB,weighted,17.142000000000003,6,0.1180000000000021,NA,17.142,17.142,6
13611,Josh,Adams,NYJ,RB,25,2,RB,average,5.974,47,0.08499999999999996,NA,5.974,5.974,47
13611,Josh,Adams,NYJ,RB,25,2,RB,robust,5.974,47,0.08499999999999996,0,5.974,5.974,47
13611,Josh,Adams,NYJ,RB,25,2,RB,weighted,5.974,47,0.08499999999999996,NA,5.974,5.974,47
13612,Kerryon,Johnson,DET,RB,24,2,RB,average,4.053,57,0.09949999999999992,NA,4.053,4.053,57
13612,Kerryon,Johnson,DET,RB,24,2,RB,robust,4.053,57,0.09949999999999992,0,4.053,4.053,57
13612,Kerryon,Johnson,DET,RB,24,2,RB,weighted,4.053,57,0.09949999999999992,NA,4.053,4.053,57
13613,Jaylen,Samuels,PIT,RB,25,2,RB,average,0.11800000000000001,86,0.006999999999999992,NA,0.11800000000000001,0.11800000000000001,NA
13613,Jaylen,Samuels,PIT,RB,25,2,RB,robust,0.11800000000000001,86,0.006999999999999992,0,0.11800000000000001,0.11800000000000001,NA
13613,Jaylen,Samuels,PIT,RB,25,2,RB,weighted,0.118,86,0.007000000000000006,NA,0.11800000000000001,0.11800000000000001,NA
13617,Royce,Freeman,DEN,RB,25,2,RB,average,5.269,53,0.24799999999999933,NA,5.269,5.269,53
13617,Royce,Freeman,DEN,RB,25,2,RB,robust,5.269,53,0.24799999999999933,0,5.269,5.269,53
13617,Royce,Freeman,DEN,RB,25,2,RB,weighted,5.269,53,0.24799999999999933,NA,5.269,5.269,53
13620,Justin,Jackson,LAC,RB,26,2,RB,average,1.899,70,0.1499999999999999,NA,1.899,1.899,70
13620,Justin,Jackson,LAC,RB,26,2,RB,robust,1.899,70,0.1499999999999999,0,1.899,1.899,70
13620,Justin,Jackson,LAC,RB,26,2,RB,weighted,1.899,70,0.1499999999999999,Inf,1.899,1.899,70
13621,Kalen,Ballage,LAC,RB,26,2,RB,average,6.5600000000000005,43,0.09600000000000009,NA,6.5600000000000005,6.5600000000000005,43
13621,Kalen,Ballage,LAC,RB,26,2,RB,robust,6.5600000000000005,43,0.09600000000000009,0,6.5600000000000005,6.5600000000000005,43
13621,Kalen,Ballage,LAC,RB,26,2,RB,weighted,6.5600000000000005,43,0.09600000000000009,Inf,6.5600000000000005,6.5600000000000005,43
13622,Nyheim,Hines,IND,RB,25,2,RB,average,13.451,19,1.2889999999999997,NA,13.451,13.451,19
13622,Nyheim,Hines,IND,RB,25,2,RB,robust,13.451,19,1.2889999999999997,0,13.451,13.451,19
13622,Nyheim,Hines,IND,RB,25,2,RB,weighted,13.451,19,1.2889999999999997,NA,13.451,13.451,19
13623,Darrel,Williams,KCC,RB,26,2,RB,average,5.293,52,0.048499999999999766,NA,5.293,5.293,52
13623,Darrel,Williams,KCC,RB,26,2,RB,robust,5.293,52,0.048499999999999766,0,5.293,5.293,52
13623,Darrel,Williams,KCC,RB,26,2,RB,weighted,5.293,52,0.048499999999999766,NA,5.293,5.293,52
13629,Calvin,Ridley,ATL,WR,27,2,WR,average,19.611,2,1.3925000000000018,NA,19.611,19.611,2
13629,Calvin,Ridley,ATL,WR,27,2,WR,robust,19.611,2,1.3925000000000018,0,19.611,19.611,2
13629,Calvin,Ridley,ATL,WR,27,2,WR,weighted,19.611,2,1.3925000000000018,NA,19.611,19.611,2
13631,James,Washington,PIT,WR,25,2,WR,average,5.498,74,0.18850000000000033,NA,5.498,5.498,74
13631,James,Washington,PIT,WR,25,2,WR,robust,5.498,74,0.18850000000000033,0,5.498,5.498,74
13631,James,Washington,PIT,WR,25,2,WR,weighted,5.498,74,0.18850000000000033,NA,5.498,5.498,74
13632,Allen,Lazard,GBP,WR,26,2,WR,average,9.1,57,0.23099999999999987,NA,9.1,9.1,57
13632,Allen,Lazard,GBP,WR,26,2,WR,robust,9.1,57,0.23099999999999987,0,9.1,9.1,57
13632,Allen,Lazard,GBP,WR,26,2,WR,weighted,9.1,57,0.23099999999999987,NA,9.1,9.1,57
13634,Dante,Pettis,NYG,WR,26,2,WR,average,4.162,82,0.18599999999999994,NA,4.162,4.162,82
13634,Dante,Pettis,NYG,WR,26,2,WR,robust,4.162,82,0.18599999999999994,0,4.162,4.162,82
13634,Dante,Pettis,NYG,WR,26,2,WR,weighted,4.162,82,0.18599999999999994,NA,4.162,4.162,82
13635,D.J.,Moore,CAR,WR,24,2,WR,average,16.112,9,0.3554999999999975,NA,16.112,16.112,9
13635,D.J.,Moore,CAR,WR,24,2,WR,robust,16.112,9,0.3554999999999975,0,16.112,16.112,9
13635,D.J.,Moore,CAR,WR,24,2,WR,weighted,16.112,9,0.3554999999999975,NA,16.112,16.112,9
13637,Equanimeous,St. Brown,GBP,WR,25,2,WR,average,4.085,83,0.2769999999999997,NA,4.085,4.085,83
13637,Equanimeous,St. Brown,GBP,WR,25,2,WR,robust,4.085,83,0.2769999999999997,0,4.085,4.085,83
13637,Equanimeous,St. Brown,GBP,WR,25,2,WR,weighted,4.085,83,0.27700000000000014,NA,4.085,4.085,83
13639,Anthony,Miller,CHI,WR,27,2,WR,average,6.28,73,0.8474999999999993,NA,6.28,6.28,73
13639,Anthony,Miller,CHI,WR,27,2,WR,robust,6.28,73,0.8474999999999993,0,6.28,6.28,73
13639,Anthony,Miller,CHI,WR,27,2,WR,weighted,6.28,73,0.8474999999999993,Inf,6.28,6.28,73
13641,Ray-Ray,McCloud,PIT,WR,25,2,WR,average,1.152,100,0.4179999999999999,NA,1.152,1.152,100
13641,Ray-Ray,McCloud,PIT,WR,25,2,WR,robust,1.152,100,0.4179999999999999,0,1.152,1.152,100
13641,Ray-Ray,McCloud,PIT,WR,25,2,WR,weighted,1.152,100,0.4179999999999999,NA,1.152,1.152,100
13644,Javon,Wims,CHI,WR,27,2,WR,average,0.088,112,0.0010000000000000009,NA,0.088,0.088,NA
13644,Javon,Wims,CHI,WR,27,2,WR,robust,0.088,112,0.0010000000000000009,0,0.088,0.088,NA
13644,Javon,Wims,CHI,WR,27,2,WR,weighted,0.088,112,0.0010000000000000009,NA,0.088,0.088,NA
13646,Michael,Gallup,DAL,WR,25,2,WR,average,10.597000000000001,45,0.4710000000000001,NA,10.597000000000001,10.597000000000001,45
13646,Michael,Gallup,DAL,WR,25,2,WR,robust,10.597000000000001,45,0.4710000000000001,0,10.597000000000001,10.597000000000001,45
13646,Michael,Gallup,DAL,WR,25,2,WR,weighted,10.597000000000001,45,0.4710000000000001,NA,10.597000000000001,10.597000000000001,45
13649,DaeSean,Hamilton,DEN,WR,26,2,WR,average,7.316,68,0.6974999999999998,NA,7.316,7.316,68
13649,DaeSean,Hamilton,DEN,WR,26,2,WR,robust,7.316,68,0.6974999999999998,0,7.316,7.316,68
13649,DaeSean,Hamilton,DEN,WR,26,2,WR,weighted,7.316000000000001,68,0.6975000000000016,Inf,7.316,7.316,68
13652,Cedrick,Wilson,DAL,WR,26,2,WR,average,1.2510000000000001,98,0.054500000000000215,NA,1.2510000000000001,1.2510000000000001,98
13652,Cedrick,Wilson,DAL,WR,26,2,WR,robust,1.2510000000000001,98,0.054500000000000215,0,1.2510000000000001,1.2510000000000001,98
13652,Cedrick,Wilson,DAL,WR,26,2,WR,weighted,1.2510000000000001,98,0.054500000000000215,NA,1.2510000000000001,1.2510000000000001,98
13653,Robert,Foster,WAS,WR,27,2,WR,average,2.627,92,0.7909999999999999,NA,2.627,2.627,92
13653,Robert,Foster,WAS,WR,27,2,WR,robust,2.627,92,0.7909999999999999,0,2.627,2.627,92
13653,Robert,Foster,WAS,WR,27,2,WR,weighted,2.6270000000000002,92,0.7910000000000004,NA,2.627,2.627,92
13662,Keke,Coutee,HOU,WR,24,2,WR,average,9.74,50,0.39649999999999963,NA,9.74,9.74,50
13662,Keke,Coutee,HOU,WR,24,2,WR,robust,9.74,50,0.39649999999999963,0,9.74,9.74,50
13662,Keke,Coutee,HOU,WR,24,2,WR,weighted,9.74,50,0.39649999999999963,NA,9.74,9.74,50
13669,Malik,Turner,DAL,WR,25,2,WR,average,0.10300000000000001,107,0.003500000000000003,NA,0.10300000000000001,0.10300000000000001,NA
13669,Malik,Turner,DAL,WR,25,2,WR,robust,0.10300000000000001,107,0.003500000000000003,0,0.10300000000000001,0.10300000000000001,NA
13669,Malik,Turner,DAL,WR,25,2,WR,weighted,0.10300000000000001,107,0.003500000000000003,Inf,0.10300000000000001,0.10300000000000001,NA
13671,Mark,Andrews,BAL,TE,25,2,TE,average,15.875000000000002,2,2.7165000000000017,NA,15.875000000000002,15.875000000000002,2
13671,Mark,Andrews,BAL,TE,25,2,TE,robust,15.875000000000002,2,2.7165000000000017,0,15.875000000000002,15.875000000000002,2
13671,Mark,Andrews,BAL,TE,25,2,TE,weighted,15.875000000000002,2,2.7165000000000017,NA,15.875000000000002,15.875000000000002,2
13672,Mike,Gesicki,MIA,TE,26,2,TE,average,9.587,12,0.5789999999999988,NA,9.587,9.587,12
13672,Mike,Gesicki,MIA,TE,26,2,TE,robust,9.587,12,0.5789999999999988,0,9.587,9.587,12
13672,Mike,Gesicki,MIA,TE,26,2,TE,weighted,9.587,12,0.5789999999999988,NA,9.587,9.587,12
13675,Tyler,Conklin,MIN,TE,26,2,TE,average,3.342,41,0.2594999999999996,NA,3.342,3.342,41
13675,Tyler,Conklin,MIN,TE,26,2,TE,robust,3.342,41,0.2594999999999996,0,3.342,3.342,41
13675,Tyler,Conklin,MIN,TE,26,2,TE,weighted,3.342,41,0.2594999999999996,NA,3.342,3.342,41
13676,Durham,Smythe,MIA,TE,26,2,TE,average,4.1690000000000005,38,0.31650000000000045,NA,4.1690000000000005,4.1690000000000005,38
13676,Durham,Smythe,MIA,TE,26,2,TE,robust,4.1690000000000005,38,0.31650000000000045,0,4.1690000000000005,4.1690000000000005,38
13676,Durham,Smythe,MIA,TE,26,2,TE,weighted,4.1690000000000005,38,0.31650000000000045,NA,4.1690000000000005,4.1690000000000005,38
13678,Ian,Thomas,CAR,TE,25,2,TE,average,4.425,34,0.13699999999999957,NA,4.425,4.425,34
13678,Ian,Thomas,CAR,TE,25,2,TE,robust,4.425,34,0.13699999999999957,0,4.425,4.425,34
13678,Ian,Thomas,CAR,TE,25,2,TE,weighted,4.425,34,0.13699999999999957,NA,4.425,4.425,34
13679,Chris,Herndon,NYJ,TE,25,2,TE,average,4.932,30,0.4580000000000002,NA,4.932,4.932,30
13679,Chris,Herndon,NYJ,TE,25,2,TE,robust,4.932,30,0.4580000000000002,0,4.932,4.932,30
13679,Chris,Herndon,NYJ,TE,25,2,TE,weighted,4.932,30,0.4580000000000002,NA,4.932,4.932,30
13680,Hayden,Hurst,ATL,TE,28,2,TE,average,8.628,15,0.40249999999999986,NA,8.628,8.628,15
13680,Hayden,Hurst,ATL,TE,28,2,TE,robust,8.628,15,0.40249999999999986,0,8.628,8.628,15
13680,Hayden,Hurst,ATL,TE,28,2,TE,weighted,8.628,15,0.40249999999999986,NA,8.628,8.628,15
13724,Richie,James,SFO,WR,26,2,WR,average,9.231,55,0.10899999999999999,NA,9.231,9.231,55
13724,Richie,James,SFO,WR,26,2,WR,robust,9.231,55,0.10899999999999999,0,9.231,9.231,55
13724,Richie,James,SFO,WR,26,2,WR,weighted,9.231,55,0.10899999999999999,NA,9.231,9.231,55
13726,Chase,Edmonds,ARI,RB,25,2,RB,average,6.295,46,0.3464999999999998,NA,6.295,6.295,46
13726,Chase,Edmonds,ARI,RB,25,2,RB,robust,6.295,46,0.3464999999999998,0,6.295,6.295,46
13726,Chase,Edmonds,ARI,RB,25,2,RB,weighted,6.295,46,0.3464999999999998,NA,6.295,6.295,46
13753,Jordan,Akins,HOU,TE,29,2,TE,average,8.855,14,0.3525000000000009,NA,8.855,8.855,14
13753,Jordan,Akins,HOU,TE,29,2,TE,robust,8.855,14,0.3525000000000009,0,8.855,8.855,14
13753,Jordan,Akins,HOU,TE,29,2,TE,weighted,8.855,14,0.3525000000000009,NA,8.855,8.855,14
13763,Will,Dissly,SEA,TE,25,2,TE,average,4.48,31,0.020500000000000185,NA,4.48,4.48,31
13763,Will,Dissly,SEA,TE,25,2,TE,robust,4.48,31,0.020500000000000185,0,4.48,4.48,31
13763,Will,Dissly,SEA,TE,25,2,TE,weighted,4.48,31,0.020500000000000185,NA,4.48,4.48,31
13768,Ito,Smith,ATL,RB,26,2,RB,average,8.57,33,0.13250000000000028,NA,8.57,8.57,33
13768,Ito,Smith,ATL,RB,26,2,RB,robust,8.57,33,0.13250000000000028,0,8.57,8.57,33
13768,Ito,Smith,ATL,RB,26,2,RB,weighted,8.57,33,0.13250000000000028,NA,8.57,8.57,33
13772,Dalton,Schultz,DAL,TE,25,2,TE,average,7.197,22,0.3819999999999997,NA,7.197,7.197,22
13772,Dalton,Schultz,DAL,TE,25,2,TE,robust,7.197,22,0.3819999999999997,0,7.197,7.197,22
13772,Dalton,Schultz,DAL,TE,25,2,TE,weighted,7.197,22,0.3819999999999997,NA,7.197,7.197,22
13776,Justin,Watson,TBB,WR,26,2,WR,average,0.10600000000000001,106,0.0015000000000000013,NA,0.10600000000000001,0.10600000000000001,106
13776,Justin,Watson,TBB,WR,26,2,WR,robust,0.10600000000000001,106,0.0015000000000000013,0,0.10600000000000001,0.10600000000000001,106
13776,Justin,Watson,TBB,WR,26,2,WR,weighted,0.10600000000000001,106,0.0015000000000000013,NA,0.10600000000000001,0.10600000000000001,106
13789,Jordan,Wilkins,IND,RB,27,2,RB,average,0.9490000000000001,76,0.11750000000000016,NA,0.9490000000000001,0.9490000000000001,76
13789,Jordan,Wilkins,IND,RB,27,2,RB,robust,0.9490000000000001,76,0.11750000000000016,0,0.9490000000000001,0.9490000000000001,76
13789,Jordan,Wilkins,IND,RB,27,2,RB,weighted,0.9490000000000001,76,0.11750000000000016,NA,0.9490000000000001,0.9490000000000001,76
13793,Marquez,Valdes-Scantling,GBP,WR,27,2,WR,average,4.698,78,0.2919999999999998,NA,4.698,4.698,78
13793,Marquez,Valdes-Scantling,GBP,WR,27,2,WR,robust,4.698,78,0.2919999999999998,0,4.698,4.698,78
13793,Marquez,Valdes-Scantling,GBP,WR,27,2,WR,weighted,4.698,78,0.2919999999999998,NA,4.698,4.698,78
13809,Russell,Gage,ATL,WR,25,2,WR,average,11.056000000000001,39,0.11700000000000088,NA,11.056000000000001,11.056000000000001,39
13809,Russell,Gage,ATL,WR,25,2,WR,robust,11.056000000000001,39,0.11700000000000088,0,11.056000000000001,11.056000000000001,39
13809,Russell,Gage,ATL,WR,25,2,WR,weighted,11.056000000000001,39,0.11700000000000088,NA,11.056000000000001,11.056000000000001,39
13814,Boston,Scott,PHI,RB,26,2,RB,average,13.807,17,0.22750000000000092,NA,13.807,13.807,17
13814,Boston,Scott,PHI,RB,26,2,RB,robust,13.807,17,0.22750000000000092,0,13.807,13.807,17
13814,Boston,Scott,PHI,RB,26,2,RB,weighted,13.807,17,0.22750000000000092,Inf,13.807,13.807,17
13816,Trenton,Cannon,CAR,RB,27,2,RB,average,5.855,49,0.3025000000000002,NA,5.855,5.855,49
13816,Trenton,Cannon,CAR,RB,27,2,RB,robust,5.855,49,0.3025000000000002,0,5.855,5.855,49
13816,Trenton,Cannon,CAR,RB,27,2,RB,weighted,5.855,49,0.3025000000000002,NA,5.855,5.855,49
13819,Jordan,Thomas,FA,TE,25,2,TE,average,0.082,67,NA,NA,0.082,0.082,NA
13819,Jordan,Thomas,FA,TE,25,2,TE,robust,0.082,67,NA,0,0.082,0.082,NA
13819,Jordan,Thomas,FA,TE,25,2,TE,weighted,0.082,67,NA,NA,0.082,0.082,NA
13850,Gus,Edwards,BAL,RB,26,2,RB,average,8.549999999999999,34,0.30299999999999905,NA,8.549999999999999,8.549999999999999,34
13850,Gus,Edwards,BAL,RB,26,2,RB,robust,8.549999999999999,34,0.30299999999999905,0,8.549999999999999,8.549999999999999,34
13850,Gus,Edwards,BAL,RB,26,2,RB,weighted,8.549999999999999,34,0.30299999999999905,NA,8.549999999999999,8.549999999999999,34
13862,River,Cracraft,SFO,WR,27,3,WR,average,2.935,89,0.27900000000000036,NA,2.935,2.935,89
13862,River,Cracraft,SFO,WR,27,3,WR,robust,2.935,89,0.27900000000000036,0,2.935,2.935,89
13862,River,Cracraft,SFO,WR,27,3,WR,weighted,2.935,89,0.27900000000000036,NA,2.935,2.935,89
13868,Mike,Boone,MIN,RB,26,2,RB,average,8.169,36,0.08549999999999969,NA,8.169,8.169,36
13868,Mike,Boone,MIN,RB,26,2,RB,robust,8.169,36,0.08549999999999969,0,8.169,8.169,36
13868,Mike,Boone,MIN,RB,26,2,RB,weighted,8.169,36,0.08549999999999969,NA,8.169,8.169,36
13871,Dontrell,Hilliard,HOU,RB,26,2,RB,average,0.123,85,0.007499999999999993,NA,0.123,0.123,NA
13871,Dontrell,Hilliard,HOU,RB,26,2,RB,robust,0.123,85,0.007499999999999993,0,0.123,0.123,NA
13871,Dontrell,Hilliard,HOU,RB,26,2,RB,weighted,0.123,85,0.007500000000000007,NA,0.123,0.123,NA
13880,Dan,Arnold,ARI,TE,26,3,TE,average,6.5760000000000005,25,0.10599999999999987,NA,6.5760000000000005,6.5760000000000005,25
13880,Dan,Arnold,ARI,TE,26,3,TE,robust,6.5760000000000005,25,0.10599999999999987,0,6.5760000000000005,6.5760000000000005,25
13880,Dan,Arnold,ARI,TE,26,3,TE,weighted,6.5760000000000005,25,0.10599999999999987,NA,6.5760000000000005,6.5760000000000005,25
13882,Keith,Kirkwood,CAR,WR,28,2,WR,average,0.10600000000000001,106,0.003500000000000003,NA,0.10600000000000001,0.10600000000000001,NA
13882,Keith,Kirkwood,CAR,WR,28,2,WR,robust,0.10600000000000001,106,0.003500000000000003,0,0.10600000000000001,0.10600000000000001,NA
13882,Keith,Kirkwood,CAR,WR,28,2,WR,weighted,0.10600000000000001,106,0.003500000000000003,NA,0.10600000000000001,0.10600000000000001,NA
13893,Trent,Sherfield,ARI,WR,25,2,WR,average,3.8670000000000004,84,0.15200000000000058,NA,3.8670000000000004,3.8670000000000004,84
13893,Trent,Sherfield,ARI,WR,25,2,WR,robust,3.8670000000000004,84,0.15200000000000058,0,3.8670000000000004,3.8670000000000004,84
13893,Trent,Sherfield,ARI,WR,25,2,WR,weighted,3.867,84,0.15200000000000014,NA,3.8670000000000004,3.8670000000000004,84
13912,Cameron,Batson,TEN,WR,26,2,WR,average,2.638,91,0.3929999999999998,NA,2.638,2.638,91
13912,Cameron,Batson,TEN,WR,26,2,WR,robust,2.638,91,0.3929999999999998,0,2.638,2.638,91
13912,Cameron,Batson,TEN,WR,26,2,WR,weighted,2.638,91,0.3929999999999998,NA,2.638,2.638,91
13916,Buddy,Howell,HOU,RB,25,2,RB,average,1.7910000000000001,71,0.3270000000000002,NA,1.7910000000000001,1.7910000000000001,71
13916,Buddy,Howell,HOU,RB,25,2,RB,robust,1.7910000000000001,71,0.3270000000000002,0,1.7910000000000001,1.7910000000000001,71
13916,Buddy,Howell,HOU,RB,25,2,RB,weighted,1.7910000000000001,71,0.3270000000000002,NA,1.7910000000000001,1.7910000000000001,71
13919,Anthony,Firkser,TEN,TE,26,2,TE,average,4.246,36,0.052999999999999936,NA,4.246,4.246,36
13919,Anthony,Firkser,TEN,TE,26,2,TE,robust,4.246,36,0.052999999999999936,0,4.246,4.246,36
13919,Anthony,Firkser,TEN,TE,26,2,TE,weighted,4.246,36,0.052999999999999936,NA,4.246,4.246,36
13940,Johnny,Mundt,LAR,TE,27,3,TE,average,0.085,65,5.000000000000004e-4,NA,0.085,0.085,NA
13940,Johnny,Mundt,LAR,TE,27,3,TE,robust,0.085,65,5.000000000000004e-4,0,0.085,0.085,NA
13940,Johnny,Mundt,LAR,TE,27,3,TE,weighted,0.085,65,5.000000000000004e-4,NA,0.085,0.085,NA
13963,KhaDarel,Hodge,CLE,WR,26,2,WR,average,0.08600000000000001,114,0.0010000000000000009,NA,0.08600000000000001,0.08600000000000001,NA
13963,KhaDarel,Hodge,CLE,WR,26,2,WR,robust,0.08600000000000001,114,0.0010000000000000009,0,0.08600000000000001,0.08600000000000001,NA
13963,KhaDarel,Hodge,CLE,WR,26,2,WR,weighted,0.08600000000000001,114,0.0010000000000000009,NA,0.08600000000000001,0.08600000000000001,NA
13988,Ross,Dwelley,SFO,TE,26,2,TE,average,0.085,65,0.0010000000000000009,NA,0.085,0.085,NA
13988,Ross,Dwelley,SFO,TE,26,2,TE,robust,0.085,65,0.0010000000000000009,0,0.085,0.085,NA
13988,Ross,Dwelley,SFO,TE,26,2,TE,weighted,0.085,65,0.0010000000000000009,NA,0.085,0.085,NA
13999,Chad,Beebe,MIN,WR,27,2,WR,average,0.096,110,0.0050000000000000044,NA,0.096,0.096,NA
13999,Chad,Beebe,MIN,WR,27,2,WR,robust,0.096,110,0.0050000000000000044,0,0.096,0.096,NA
13999,Chad,Beebe,MIN,WR,27,2,WR,weighted,0.096,110,0.0050000000000000044,NA,0.096,0.096,NA
14056,Kyler,Murray,ARI,QB,24,1,QB,average,19.8004,8,0.43100000000000094,NA,19.8004,19.8004,8
14056,Kyler,Murray,ARI,QB,24,1,QB,robust,19.8004,8,0.43100000000000094,0,19.8004,19.8004,8
14056,Kyler,Murray,ARI,QB,24,1,QB,weighted,19.8004,8,0.43100000000000094,NA,19.8004,19.8004,8
14057,Drew,Lock,DEN,QB,25,1,QB,average,17.0028,20,0.34450000000000003,NA,17.0028,17.0028,20
14057,Drew,Lock,DEN,QB,25,1,QB,robust,17.0028,20,0.34450000000000003,0,17.0028,17.0028,20
14057,Drew,Lock,DEN,QB,25,1,QB,weighted,17.0028,20,0.34450000000000003,NA,17.0028,17.0028,20
14059,Daniel,Jones,NYG,QB,24,1,QB,average,17.435000000000002,16,0.3461000000000034,NA,17.435000000000002,17.435000000000002,16
14059,Daniel,Jones,NYG,QB,24,1,QB,robust,17.435000000000002,16,0.3461000000000034,0,17.435000000000002,17.435000000000002,16
14059,Daniel,Jones,NYG,QB,24,1,QB,weighted,17.435000000000002,16,0.3461000000000034,NA,17.435000000000002,17.435000000000002,16
14071,David,Montgomery,CHI,RB,24,1,RB,average,15.975000000000001,11,0.5265000000000004,NA,15.975000000000001,15.975000000000001,11
14071,David,Montgomery,CHI,RB,24,1,RB,robust,15.975000000000001,11,0.5265000000000004,0,15.975000000000001,15.975000000000001,11
14071,David,Montgomery,CHI,RB,24,1,RB,weighted,15.975000000000001,11,0.5265000000000022,Inf,15.975000000000001,15.975000000000001,11
14072,Benny,Snell,PIT,RB,23,1,RB,average,4.822,55,0.5430000000000001,NA,4.822,4.822,55
14072,Benny,Snell,PIT,RB,23,1,RB,robust,4.822,55,0.5430000000000001,0,4.822,4.822,55
14072,Benny,Snell,PIT,RB,23,1,RB,weighted,4.822,55,0.5430000000000001,NA,4.822,4.822,55
14073,Josh,Jacobs,LVR,RB,23,1,RB,average,15.981,10,0.08899999999999864,NA,15.981,15.981,10
14073,Josh,Jacobs,LVR,RB,23,1,RB,robust,15.981,10,0.08899999999999864,0,15.981,15.981,10
14073,Josh,Jacobs,LVR,RB,23,1,RB,weighted,15.981,10,0.08899999999999864,NA,15.981,15.981,10
14074,Dexter,Williams,GBP,RB,24,1,RB,average,0.108,91,NA,NA,0.108,0.108,NA
14074,Dexter,Williams,GBP,RB,24,1,RB,robust,0.108,91,NA,0,0.108,0.108,NA
14074,Dexter,Williams,GBP,RB,24,1,RB,weighted,0.108,89,0.0034999999999999892,NA,0.108,0.108,NA
14080,Devin,Singletary,BUF,RB,24,1,RB,average,9.553999999999998,31,0.857999999999997,NA,9.553999999999998,9.553999999999998,31
14080,Devin,Singletary,BUF,RB,24,1,RB,robust,9.553999999999998,31,0.857999999999997,0,9.553999999999998,9.553999999999998,31
14080,Devin,Singletary,BUF,RB,24,1,RB,weighted,9.553999999999998,31,0.857999999999997,NA,9.553999999999998,9.553999999999998,31
14081,Myles,Gaskin,MIA,RB,24,1,RB,average,16.808,9,0.8299999999999983,NA,16.808,16.808,9
14081,Myles,Gaskin,MIA,RB,24,1,RB,robust,16.808,9,0.8299999999999983,0,16.808,16.808,9
14081,Myles,Gaskin,MIA,RB,24,1,RB,weighted,16.808,9,0.8299999999999983,NA,16.808,16.808,9
14085,Tony,Pollard,DAL,RB,24,1,RB,average,10.054,29,0.39300000000000246,NA,10.054,10.054,29
14085,Tony,Pollard,DAL,RB,24,1,RB,robust,10.054,29,0.39300000000000246,0,10.054,10.054,29
14085,Tony,Pollard,DAL,RB,24,1,RB,weighted,10.054,29,0.39300000000000246,NA,10.054,10.054,29
14086,Justice,Hill,BAL,RB,24,1,RB,average,0.128,84,0.007500000000000007,NA,0.128,0.128,NA
14086,Justice,Hill,BAL,RB,24,1,RB,robust,0.128,84,0.007500000000000007,0,0.128,0.128,NA
14086,Justice,Hill,BAL,RB,24,1,RB,weighted,0.128,84,0.007500000000000007,NA,0.128,0.128,NA
14101,N'Keal,Harry,NEP,WR,24,1,WR,average,7.4990000000000006,65,0.1070000000000002,NA,7.4990000000000006,7.4990000000000006,65
14101,N'Keal,Harry,NEP,WR,24,1,WR,robust,7.4990000000000006,65,0.1070000000000002,0,7.4990000000000006,7.4990000000000006,65
14101,N'Keal,Harry,NEP,WR,24,1,WR,weighted,7.4990000000000006,65,0.1070000000000002,NA,7.4990000000000006,7.4990000000000006,65
14102,DK,Metcalf,SEA,WR,24,1,WR,average,15.443000000000001,12,0.9039999999999999,NA,15.443000000000001,15.443000000000001,12
14102,DK,Metcalf,SEA,WR,24,1,WR,robust,15.443000000000001,12,0.9039999999999999,0,15.443000000000001,15.443000000000001,12
14102,DK,Metcalf,SEA,WR,24,1,WR,weighted,15.443000000000001,12,0.9039999999999999,Inf,15.443000000000001,15.443000000000001,12
14103,Riley,Ridley,CHI,WR,25,1,WR,average,0.10200000000000001,108,0.005500000000000005,NA,0.10200000000000001,0.10200000000000001,NA
14103,Riley,Ridley,CHI,WR,25,1,WR,robust,0.10200000000000001,108,0.005500000000000005,0,0.10200000000000001,0.10200000000000001,NA
14103,Riley,Ridley,CHI,WR,25,1,WR,weighted,0.10200000000000001,108,0.005500000000000005,NA,0.10200000000000001,0.10200000000000001,NA
14104,A.J.,Brown,TEN,WR,24,1,WR,average,16.68,5,0.23799999999999955,NA,16.68,16.68,5
14104,A.J.,Brown,TEN,WR,24,1,WR,robust,16.68,5,0.23799999999999955,0,16.68,16.68,5
14104,A.J.,Brown,TEN,WR,24,1,WR,weighted,16.68,5,0.23799999999999955,NA,16.68,16.68,5
14105,Marquise,Brown,BAL,WR,24,1,WR,average,13.959000000000001,16,0.11750000000000149,NA,13.959000000000001,13.959000000000001,16
14105,Marquise,Brown,BAL,WR,24,1,WR,robust,13.959000000000001,16,0.11750000000000149,0,13.959000000000001,13.959000000000001,16
14105,Marquise,Brown,BAL,WR,24,1,WR,weighted,13.959000000000001,16,0.11750000000000149,NA,13.959000000000001,13.959000000000001,16
14107,JJ,Arcega-Whiteside,PHI,WR,25,1,WR,average,0.087,113,5.000000000000004e-4,NA,0.087,0.087,NA
14107,JJ,Arcega-Whiteside,PHI,WR,25,1,WR,robust,0.087,113,5.000000000000004e-4,0,0.087,0.087,NA
14107,JJ,Arcega-Whiteside,PHI,WR,25,1,WR,weighted,0.087,113,5.000000000000004e-4,NA,0.087,0.087,NA
14109,Terry,McLaurin,WAS,WR,26,1,WR,average,9.271,52,0.007500000000000284,NA,9.271,9.271,52
14109,Terry,McLaurin,WAS,WR,26,1,WR,robust,9.271,52,0.007500000000000284,0,9.271,9.271,52
14109,Terry,McLaurin,WAS,WR,26,1,WR,weighted,9.271,52,0.007500000000000284,NA,9.271,9.271,52
14113,Mecole,Hardman,KCC,WR,23,1,WR,average,11.364,36,0.07850000000000001,NA,11.364,11.364,36
14113,Mecole,Hardman,KCC,WR,23,1,WR,robust,11.364,36,0.07850000000000001,0,11.364,11.364,36
14113,Mecole,Hardman,KCC,WR,23,1,WR,weighted,11.364,36,0.07850000000000001,NA,11.364,11.364,36
14121,Andy,Isabella,ARI,WR,25,1,WR,average,6.687,69,0.17100000000000026,NA,6.687,6.687,69
14121,Andy,Isabella,ARI,WR,25,1,WR,robust,6.687,69,0.17100000000000026,0,6.687,6.687,69
14121,Andy,Isabella,ARI,WR,25,1,WR,weighted,6.686999999999999,69,0.17099999999999937,NA,6.687,6.687,69
14123,Hunter,Renfrow,LVR,WR,26,1,WR,average,8.775,60,0.26900000000000013,NA,8.775,8.775,60
14123,Hunter,Renfrow,LVR,WR,26,1,WR,robust,8.775,60,0.26900000000000013,0,8.775,8.775,60
14123,Hunter,Renfrow,LVR,WR,26,1,WR,weighted,8.775,60,0.26900000000000013,NA,8.775,8.775,60
14124,KeeSean,Johnson,ARI,WR,25,1,WR,average,7.591,64,0.14100000000000001,NA,7.591,7.591,64
14124,KeeSean,Johnson,ARI,WR,25,1,WR,robust,7.591,64,0.14100000000000001,0,7.591,7.591,64
14124,KeeSean,Johnson,ARI,WR,25,1,WR,weighted,7.590999999999999,64,0.14099999999999913,Inf,7.591,7.591,64
14125,Miles,Boykin,BAL,WR,25,1,WR,average,4.243,80,0.04349999999999987,NA,4.243,4.243,80
14125,Miles,Boykin,BAL,WR,25,1,WR,robust,4.243,80,0.04349999999999987,0,4.243,4.243,80
14125,Miles,Boykin,BAL,WR,25,1,WR,weighted,4.243,80,0.04349999999999987,NA,4.243,4.243,80
14127,Jakobi,Meyers,NEP,WR,25,1,WR,average,12.100000000000001,31,0.04200000000000159,NA,12.100000000000001,12.100000000000001,31
14127,Jakobi,Meyers,NEP,WR,25,1,WR,robust,12.100000000000001,31,0.04200000000000159,0,12.100000000000001,12.100000000000001,31
14127,Jakobi,Meyers,NEP,WR,25,1,WR,weighted,12.100000000000001,31,0.04200000000000159,NA,12.100000000000001,12.100000000000001,31
14137,Noah,Fant,DEN,TE,24,1,TE,average,11.733,5,0.5945,NA,11.733,11.733,5
14137,Noah,Fant,DEN,TE,24,1,TE,robust,11.733,5,0.5945,0,11.733,11.733,5
14137,Noah,Fant,DEN,TE,24,1,TE,weighted,11.733,5,0.5945,NA,11.733,11.733,5
14138,T.J.,Hockenson,DET,TE,24,1,TE,average,11.458,6,0.7400000000000002,NA,11.458,11.458,6
14138,T.J.,Hockenson,DET,TE,24,1,TE,robust,11.458,6,0.7400000000000002,0,11.458,11.458,6
14138,T.J.,Hockenson,DET,TE,24,1,TE,weighted,11.458,6,0.7400000000000002,NA,11.458,11.458,6
14141,Irv,Smith Jr.,MIN,TE,23,1,TE,average,10.617,8,0.35050000000000026,NA,10.617,10.617,8
14141,Irv,Smith Jr.,MIN,TE,23,1,TE,robust,10.617,8,0.35050000000000026,0,10.617,10.617,8
14141,Irv,Smith Jr.,MIN,TE,23,1,TE,weighted,10.617,8,0.35050000000000026,NA,10.617,10.617,8
14208,Diontae,Johnson,PIT,WR,25,1,WR,average,13.895,17,0.1324999999999985,NA,13.895,13.895,17
14208,Diontae,Johnson,PIT,WR,25,1,WR,robust,13.895,17,0.1324999999999985,0,13.895,13.895,17
14208,Diontae,Johnson,PIT,WR,25,1,WR,weighted,13.895,17,0.1324999999999985,NA,13.895,13.895,17
14223,Alexander,Mattison,MIN,RB,23,1,RB,average,12.319,20,0.3194999999999997,NA,12.319,12.319,20
14223,Alexander,Mattison,MIN,RB,23,1,RB,robust,12.319,20,0.3194999999999997,0,12.319,12.319,20
14223,Alexander,Mattison,MIN,RB,23,1,RB,weighted,12.319,20,0.3194999999999997,NA,12.319,12.319,20
14284,Darwin,Thompson,KCC,RB,24,1,RB,average,11.094000000000001,26,0.16350000000000087,NA,11.094000000000001,11.094000000000001,26
14284,Darwin,Thompson,KCC,RB,24,1,RB,robust,11.094000000000001,26,0.16350000000000087,0,11.094000000000001,11.094000000000001,26
14284,Darwin,Thompson,KCC,RB,24,1,RB,weighted,11.094000000000001,26,0.16350000000000087,NA,11.094000000000001,11.094000000000001,26
14778,Tua,Tagovailoa,MIA,QB,23,0,QB,average,16.744,21,0.6005000000000003,NA,16.744,16.744,21
14778,Tua,Tagovailoa,MIA,QB,23,0,QB,robust,16.744,21,0.6005000000000003,0,16.744,16.744,21
14778,Tua,Tagovailoa,MIA,QB,23,0,QB,weighted,16.744,21,0.6005000000000003,NA,16.744,16.744,21
14779,Justin,Herbert,LAC,QB,23,0,QB,average,18.9598,12,1.0437000000000012,NA,18.9598,18.9598,12
14779,Justin,Herbert,LAC,QB,23,0,QB,robust,18.9598,12,1.0437000000000012,0,18.9598,18.9598,12
14779,Justin,Herbert,LAC,QB,23,0,QB,weighted,18.9598,12,1.0437000000000012,NA,18.9598,18.9598,12
14797,D'Andre,Swift,DET,RB,22,0,RB,average,17.716,4,0.5564999999999998,NA,17.716,17.716,4
14797,D'Andre,Swift,DET,RB,22,0,RB,robust,17.716,4,0.5564999999999998,0,17.716,17.716,4
14797,D'Andre,Swift,DET,RB,22,0,RB,weighted,17.716,4,0.5564999999999998,NA,17.716,17.716,4
14798,Zack,Moss,BUF,RB,24,0,RB,average,7.656,40,1.0089999999999995,NA,7.656,7.656,40
14798,Zack,Moss,BUF,RB,24,0,RB,robust,7.656,40,1.0089999999999995,0,7.656,7.656,40
14798,Zack,Moss,BUF,RB,24,0,RB,weighted,7.656,40,1.0089999999999995,NA,7.656,7.656,40
14799,Cam,Akers,LAR,RB,22,0,RB,average,10.951,27,0.4690000000000012,NA,10.951,10.951,27
14799,Cam,Akers,LAR,RB,22,0,RB,robust,10.951,27,0.4690000000000012,0,10.951,10.951,27
14799,Cam,Akers,LAR,RB,22,0,RB,weighted,10.951,27,0.4690000000000012,NA,10.951,10.951,27
14800,J.K.,Dobbins,BAL,RB,23,0,RB,average,12.005,21,0.15949999999999953,NA,12.005,12.005,21
14800,J.K.,Dobbins,BAL,RB,23,0,RB,robust,12.005,21,0.15949999999999953,0,12.005,12.005,21
14800,J.K.,Dobbins,BAL,RB,23,0,RB,weighted,12.005,21,0.15949999999999953,NA,12.005,12.005,21
14802,Jonathan,Taylor,IND,RB,22,0,RB,average,19.868000000000002,2,1.1335000000000015,NA,19.868000000000002,19.868000000000002,2
14802,Jonathan,Taylor,IND,RB,22,0,RB,robust,19.868000000000002,2,1.1335000000000015,0,19.868000000000002,19.868000000000002,2
14802,Jonathan,Taylor,IND,RB,22,0,RB,weighted,19.868000000000002,2,1.1335000000000015,NA,19.868000000000002,19.868000000000002,2
14804,Anthony,McFarland,PIT,RB,22,0,RB,average,0.9620000000000001,75,0.043500000000000094,NA,0.9620000000000001,0.9620000000000001,75
14804,Anthony,McFarland,PIT,RB,22,0,RB,robust,0.9620000000000001,75,0.043500000000000094,0,0.9620000000000001,0.9620000000000001,75
14804,Anthony,McFarland,PIT,RB,22,0,RB,weighted,0.962,75,0.04349999999999998,NA,0.9620000000000001,0.9620000000000001,75
14805,AJ,Dillon,GBP,RB,23,0,RB,average,2.336,67,0.25749999999999984,NA,2.336,2.336,67
14805,AJ,Dillon,GBP,RB,23,0,RB,robust,2.336,67,0.25749999999999984,0,2.336,2.336,67
14805,AJ,Dillon,GBP,RB,23,0,RB,weighted,2.336,67,0.25749999999999984,NA,2.336,2.336,67
14807,Joshua,Kelley,LAC,RB,24,0,RB,average,0.10800000000000001,90,1.3877787807814457e-17,NA,0.10800000000000001,0.10800000000000001,NA
14807,Joshua,Kelley,LAC,RB,24,0,RB,robust,0.10800000000000001,90,1.3877787807814457e-17,0,0.10800000000000001,0.10800000000000001,NA
14807,Joshua,Kelley,LAC,RB,24,0,RB,weighted,0.108,89,NA,Inf,0.10800000000000001,0.10800000000000001,NA
14808,Darrynton,Evans,TEN,RB,23,0,RB,average,3.907,59,0.5285000000000002,NA,3.907,3.907,59
14808,Darrynton,Evans,TEN,RB,23,0,RB,robust,3.907,59,0.5285000000000002,0,3.907,3.907,59
14808,Darrynton,Evans,TEN,RB,23,0,RB,weighted,3.907,59,0.5285000000000002,NA,3.907,3.907,59
14810,Ke'Shawn,Vaughn,TBB,RB,24,0,RB,average,1.707,72,0.5425,NA,1.707,1.707,72
14810,Ke'Shawn,Vaughn,TBB,RB,24,0,RB,robust,1.707,72,0.5425,0,1.707,1.707,72
14810,Ke'Shawn,Vaughn,TBB,RB,24,0,RB,weighted,1.707,72,0.5425,Inf,1.707,1.707,72
14832,CeeDee,Lamb,DAL,WR,22,0,WR,average,11.89,34,0.3155000000000001,NA,11.89,11.89,34
14832,CeeDee,Lamb,DAL,WR,22,0,WR,robust,11.89,34,0.3155000000000001,0,11.89,11.89,34
14832,CeeDee,Lamb,DAL,WR,22,0,WR,weighted,11.89,34,0.3155000000000001,NA,11.89,11.89,34
14833,Jerry,Jeudy,DEN,WR,22,0,WR,average,10.722000000000001,43,0.07750000000000057,NA,10.722000000000001,10.722000000000001,43
14833,Jerry,Jeudy,DEN,WR,22,0,WR,robust,10.722000000000001,43,0.07750000000000057,0,10.722000000000001,10.722000000000001,43
14833,Jerry,Jeudy,DEN,WR,22,0,WR,weighted,10.722000000000001,43,0.07750000000000057,NA,10.722000000000001,10.722000000000001,43
14834,Henry,Ruggs,LVR,WR,22,0,WR,average,6.55,70,0.09749999999999925,NA,6.55,6.55,70
14834,Henry,Ruggs,LVR,WR,22,0,WR,robust,6.55,70,0.09749999999999925,0,6.55,6.55,70
14834,Henry,Ruggs,LVR,WR,22,0,WR,weighted,6.55,70,0.09749999999999925,Inf,6.55,6.55,70
14835,Tee,Higgins,CIN,WR,22,0,WR,average,13.788,18,0.1559999999999988,NA,13.788,13.788,18
14835,Tee,Higgins,CIN,WR,22,0,WR,robust,13.788,18,0.1559999999999988,0,13.788,13.788,18
14835,Tee,Higgins,CIN,WR,22,0,WR,weighted,13.788,18,0.1559999999999988,Inf,13.788,13.788,18
14836,Justin,Jefferson,MIN,WR,22,0,WR,average,18.632,3,1.3895000000000017,NA,18.632,18.632,3
14836,Justin,Jefferson,MIN,WR,22,0,WR,robust,18.632,3,1.3895000000000017,0,18.632,18.632,3
14836,Justin,Jefferson,MIN,WR,22,0,WR,weighted,18.632,3,1.3895000000000017,NA,18.632,18.632,3
14838,Laviska,Shenault,JAC,WR,23,0,WR,average,12.717,26,0.05600000000000094,NA,12.717,12.717,26
14838,Laviska,Shenault,JAC,WR,23,0,WR,robust,12.717,26,0.05600000000000094,0,12.717,12.717,26
14838,Laviska,Shenault,JAC,WR,23,0,WR,weighted,12.717,26,0.05600000000000094,Inf,12.717,12.717,26
14839,Jalen,Reagor,PHI,WR,22,0,WR,average,8.499,62,0.6445000000000007,NA,8.499,8.499,62
14839,Jalen,Reagor,PHI,WR,22,0,WR,robust,8.499,62,0.6445000000000007,0,8.499,8.499,62
14839,Jalen,Reagor,PHI,WR,22,0,WR,weighted,8.499,62,0.6445000000000007,NA,8.499,8.499,62
14841,Chase,Claypool,PIT,WR,23,0,WR,average,9.983,48,0.14000000000000057,NA,9.983,9.983,48
14841,Chase,Claypool,PIT,WR,23,0,WR,robust,9.983,48,0.14000000000000057,0,9.983,9.983,48
14841,Chase,Claypool,PIT,WR,23,0,WR,weighted,9.983,48,0.14000000000000057,NA,9.983,9.983,48
14842,Michael,Pittman,IND,WR,24,0,WR,average,9.26,54,0.07249999999999979,NA,9.26,9.26,54
14842,Michael,Pittman,IND,WR,24,0,WR,robust,9.26,54,0.07249999999999979,0,9.26,9.26,54
14842,Michael,Pittman,IND,WR,24,0,WR,weighted,9.26,54,0.07249999999999979,NA,9.26,9.26,54
14844,Bryan,Edwards,LVR,WR,23,0,WR,average,1.54,95,0.06750000000000012,NA,1.54,1.54,95
14844,Bryan,Edwards,LVR,WR,23,0,WR,robust,1.54,95,0.06750000000000012,0,1.54,1.54,95
14844,Bryan,Edwards,LVR,WR,23,0,WR,weighted,1.54,95,0.06750000000000012,NA,1.54,1.54,95
14846,Denzel,Mims,NYJ,WR,24,0,WR,average,8.943000000000001,58,0.15800000000000125,NA,8.943000000000001,8.943000000000001,58
14846,Denzel,Mims,NYJ,WR,24,0,WR,robust,8.943000000000001,58,0.15800000000000125,0,8.943000000000001,8.943000000000001,58
14846,Denzel,Mims,NYJ,WR,24,0,WR,weighted,8.943000000000001,58,0.15800000000000125,NA,8.943000000000001,8.943000000000001,58
14847,Devin,Duvernay,BAL,WR,24,0,WR,average,3.749,85,0.13549999999999995,NA,3.749,3.749,85
14847,Devin,Duvernay,BAL,WR,24,0,WR,robust,3.749,85,0.13549999999999995,0,3.749,3.749,85
14847,Devin,Duvernay,BAL,WR,24,0,WR,weighted,3.749,85,0.13549999999999995,NA,3.749,3.749,85
14852,Antonio,Gibson,WAS,RB,23,0,RB,average,17.177,5,0.05250000000000199,NA,17.177,17.177,5
14852,Antonio,Gibson,WAS,RB,23,0,RB,robust,17.177,5,0.05250000000000199,0,17.177,17.177,5
14852,Antonio,Gibson,WAS,RB,23,0,RB,weighted,17.177,5,0.05249999999999844,NA,17.177,17.177,5
14858,Van,Jefferson,LAR,WR,25,0,WR,average,7.401,66,0.05149999999999899,NA,7.401,7.401,66
14858,Van,Jefferson,LAR,WR,25,0,WR,robust,7.401,66,0.05149999999999899,0,7.401,7.401,66
14858,Van,Jefferson,LAR,WR,25,0,WR,weighted,7.401,66,0.05149999999999899,Inf,7.401,7.401,66
14862,Joe,Reed,LAC,WR,23,0,WR,average,0.087,113,0.0014999999999999875,NA,0.087,0.087,NA
14862,Joe,Reed,LAC,WR,23,0,WR,robust,0.087,113,0.0014999999999999875,0,0.087,0.087,NA
14862,Joe,Reed,LAC,WR,23,0,WR,weighted,0.087,113,0.0014999999999999875,NA,0.087,0.087,NA
14863,Antonio,Gandy-Golden,WAS,WR,23,0,WR,average,1.863,93,0.1884999999999999,NA,1.863,1.863,93
14863,Antonio,Gandy-Golden,WAS,WR,23,0,WR,robust,1.863,93,0.1884999999999999,0,1.863,1.863,93
14863,Antonio,Gandy-Golden,WAS,WR,23,0,WR,weighted,1.863,93,0.1884999999999999,NA,1.863,1.863,93
14864,Tyler,Johnson,TBB,WR,23,0,WR,average,0.133,104,0.018500000000000003,NA,0.133,0.133,104
14864,Tyler,Johnson,TBB,WR,23,0,WR,robust,0.133,104,0.018500000000000003,0,0.133,0.133,104
14864,Tyler,Johnson,TBB,WR,23,0,WR,weighted,0.133,104,0.018500000000000003,NA,0.133,0.133,104
14867,Cole,Kmet,CHI,TE,22,0,TE,average,7.228,21,0.1894999999999989,NA,7.228,7.228,21
14867,Cole,Kmet,CHI,TE,22,0,TE,robust,7.228,21,0.1894999999999989,0,7.228,7.228,21
14867,Cole,Kmet,CHI,TE,22,0,TE,weighted,7.228,21,0.1894999999999989,NA,7.228,7.228,21
14870,Adam,Trautman,NOS,TE,24,0,TE,average,4.33,35,0.09849999999999959,NA,4.33,4.33,35
14870,Adam,Trautman,NOS,TE,24,0,TE,robust,4.33,35,0.09849999999999959,0,4.33,4.33,35
14870,Adam,Trautman,NOS,TE,24,0,TE,weighted,4.33,35,0.09849999999999959,NA,4.33,4.33,35
14936,Devin,Asiasi,NEP,TE,24,0,TE,average,2.762,44,0.3370000000000002,NA,2.762,2.762,44
14936,Devin,Asiasi,NEP,TE,24,0,TE,robust,2.762,44,0.3370000000000002,0,2.762,2.762,44
14936,Devin,Asiasi,NEP,TE,24,0,TE,weighted,2.762,44,0.3370000000000002,NA,2.762,2.762,44
14939,Dalton,Keene,NEP,TE,22,0,TE,average,1.452,52,0.579,NA,1.452,1.452,52
14939,Dalton,Keene,NEP,TE,22,0,TE,robust,1.452,52,0.579,0,1.452,1.452,52
14939,Dalton,Keene,NEP,TE,22,0,TE,weighted,1.452,52,0.579,NA,1.452,1.452,52
